Seq.,Create Datatest Date,ID-Branch,Branch,Customer Type (ผู้กู้),Grade,CIF,ID-COLL,TYPE-COLL,coll_subtype,รหัสหลักประกันธนาคารแห่งประเทศไทย,รหัสหลักประกันย่อย,ContractNo,หมดอายุสัญญา,ราคาประเมินรวม,DepAcc,AccType,Conditions,วันหมดอายุสัญญาเงินกู้,สาขา/หน่วย,กลุ่ม,สถานะบัญชี,Used,หมายเหตุ
1,27/5/2026,611,สาขาแม่สูน,(603) เกษตรกร,B,29452,18243,1 - ที่ดิน,1 - โฉนด,286003 - ที่ดิน,2 - พื้นที่ในห้างสรรพสินค้า,,,"500,000.00",,,,14/12/2572,611,611,,,
2,27/5/2026,611,สาขาแม่สูน,(603) เกษตรกร,A,29448,18231,1 - ที่ดิน,1 - โฉนด,286003 - ที่ดิน,0 - ที่ดินเปล่า,,,"250,000.00",,,,10/11/2576,611,611,,,
3,27/5/2026,611,สาขาแม่สูน,(603) เกษตรกร,AA,29447,18230,1 - ที่ดิน,1 - โฉนด,286003 - ที่ดิน,0 - ที่ดินเปล่า,,,"100,000.00",,,,28/9/2577,611,611,,,
4,27/5/2026,611,สาขาแม่สูน,(603) เกษตรกร,AAA,29453,18244,1 - ที่ดิน,1 - โฉนด,286003 - ที่ดิน,2 - พื้นที่ในห้างสรรพสินค้า,,,"1,200,000.00",,,,20/5/2573,611,611,,,
5,27/5/2026,611,สาขาแม่สูน,(603) เกษตรกร,AAA+,29454,18245,1 - ที่ดิน,1 - โฉนด,286003 - ที่ดิน,1 - แผงค้า,,,"20,000,000.00",,,,7/5/2576,611,611,,,
6,27/5/2026,611,สาขาแม่สูน,(603) เกษตรกร,B,29455,18246,1 - ที่ดิน,1 - โฉนด,286006 -ที่ดินพร้อมสิ่งปลูกสร้าง,2 - พื้นที่ในห้างสรรพสินค้า,,,"190,000.00",,,,3/11/2573,611,611,,,ที่ดิน + สิ่งปลูกสร้าง
7,27/5/2026,611,สาขาแม่สูน,(603) เกษตรกร,A,29456,18247,1 - ที่ดิน,1 - โฉนด,286006 -ที่ดินพร้อมสิ่งปลูกสร้าง,0 - ที่ดินเปล่า,,,"2,100,000.00",,,,1/3/2572,611,611,,,ที่ดิน + สิ่งปลูกสร้าง
8,27/5/2026,611,สาขาแม่สูน,(603) เกษตรกร,AA,29457,18248,1 - ที่ดิน,1 - โฉนด,286006 -ที่ดินพร้อมสิ่งปลูกสร้าง,1 - แผงค้า,,,"20,250,000.00",,,,11/1/2576,611,611,,,ที่ดิน + สิ่งปลูกสร้าง
9,27/5/2026,611,สาขาแม่สูน,(603) เกษตรกร,AAA,29458,18249,1 - ที่ดิน,1 - โฉนด,286006 -ที่ดินพร้อมสิ่งปลูกสร้าง,0 - ที่ดินเปล่า,,,"760,000.00",,,,21/4/2576,611,611,,,ที่ดิน + สิ่งปลูกสร้าง
10,27/5/2026,611,สาขาแม่สูน,(603) เกษตรกร,AAA+,29449,18232,1 - ที่ดิน,1 - โฉนด,286006 -ที่ดินพร้อมสิ่งปลูกสร้าง,2 - พื้นที่ในห้างสรรพสินค้า,,,"1,550,000.00",,,,4/6/2574,611,611,,,ที่ดิน + สิ่งปลูกสร้าง
11,27/5/2026,611,สาขาแม่สูน,(600) บุคคลธรรมดา,AA,29461,18263,1 - ที่ดิน,1 - โฉนด,286003 - ที่ดิน,1 - แผงค้า,,,"750,000.00",,,,18/09/2578,611,611,,,
12,27/5/2026,611,สาขาแม่สูน,(600) บุคคลธรรมดา,AAA+,29462,18264,1 - ที่ดิน,1 - โฉนด,286003 - ที่ดิน,0 - ที่ดินเปล่า,,,"50,000.00",,,,1/7/2575,611,611,,,
13,27/5/2026,611,สาขาแม่สูน,(600) บุคคลธรรมดา,B,29463,18265,1 - ที่ดิน,1 - โฉนด,286006 -ที่ดินพร้อมสิ่งปลูกสร้าง,2 - พื้นที่ในห้างสรรพสินค้า,,,"1,015,000.00",,,,23/12/2571,611,611,,,ที่ดิน + สิ่งปลูกสร้าง
14,27/5/2026,611,สาขาแม่สูน,(600) บุคคลธรรมดา,A,29450,18242,1 - ที่ดิน,1 - โฉนด,286006 -ที่ดินพร้อมสิ่งปลูกสร้าง,2 - พื้นที่ในห้างสรรพสินค้า,,,"135,000.00",,,,26/01/2572,611,611,,,ที่ดิน + สิ่งปลูกสร้าง
15,27/5/2026,611,สาขาแม่สูน,(600) บุคคลธรรมดา,AAA+,29464,18266,1 - ที่ดิน,1 - โฉนด,286006 -ที่ดินพร้อมสิ่งปลูกสร้าง,0 - ที่ดินเปล่า,,,"770,000.00",,,,22/06/2575,611,611,,,ที่ดิน + สิ่งปลูกสร้าง
16,27/5/2026,611,สาขาแม่สูน,(500) นิติบุคคล,A,29465,18267,1 - ที่ดิน,1 - โฉนด,286003 - ที่ดิน,0 - ที่ดินเปล่า,,,"1,500,000.00",,,,25/08/2575,611,611,,,
17,5/27/2026,611,สาขาแม่สูน,(500) นิติบุคคล,AAA+,29466,18268,1 - ที่ดิน,1 - โฉนด,286003 - ที่ดิน,0 - ที่ดินเปล่า,,,"175,000.00",,,,24/06/2578,611,611,,,
18,27/5/2026,611,สาขาแม่สูน,(500) นิติบุคคล,B,29467,18269,1 - ที่ดิน,1 - โฉนด,286006 -ที่ดินพร้อมสิ่งปลูกสร้าง,0 - ที่ดินเปล่า,,,"1,950,000.00",,,,22/11/2575,611,611,,,ที่ดิน + สิ่งปลูกสร้าง
19,27/5/2026,611,สาขาแม่สูน,(500) นิติบุคคล,AAA,29468,18270,1 - ที่ดิน,1 - โฉนด,286006 -ที่ดินพร้อมสิ่งปลูกสร้าง,0 - ที่ดินเปล่า,,,"10,050,000.00",,,,17/10/2576,611,611,,,ที่ดิน + สิ่งปลูกสร้าง
20,27/5/2026,611,สาขาแม่สูน,(500) นิติบุคคล,AAA+,29469,18271,1 - ที่ดิน,1 - โฉนด,286006 -ที่ดินพร้อมสิ่งปลูกสร้าง,0 - ที่ดินเปล่า,,,"2,650,000.00",,,,27/05/2574,611,611,,,ที่ดิน + สิ่งปลูกสร้าง
21,27/5/2026,611,สาขาแม่สูน,(707) สหกรณ์การเกษตร,B,29470,18272,1 - ที่ดิน,1 - โฉนด,286003 - ที่ดิน,0 - ที่ดินเปล่า,,,"150,000.00",,,,20/08/2577,611,611,,,
22,27/5/2026,611,สาขาแม่สูน,(707) สหกรณ์การเกษตร,AAA,29471,18273,1 - ที่ดิน,1 - โฉนด,286003 - ที่ดิน,0 - ที่ดินเปล่า,,,"1,750,000.00",,,,9/8/2574,611,611,,,
23,27/5/2026,611,สาขาแม่สูน,(707) สหกรณ์การเกษตร,A,29472,18274,1 - ที่ดิน,1 - โฉนด,286006 -ที่ดินพร้อมสิ่งปลูกสร้าง,1 - แผงค้า,,,"185,000.00",,,,28/05/2577,611,611,,,ที่ดิน + สิ่งปลูกสร้าง
24,27/5/2026,611,สาขาแม่สูน,(707) สหกรณ์การเกษตร,AA,29473,18275,1 - ที่ดิน,1 - โฉนด,286006 -ที่ดินพร้อมสิ่งปลูกสร้าง,0 - ที่ดินเปล่า,,,"1,625,000.00",,,,21/03/2574,611,611,,,ที่ดิน + สิ่งปลูกสร้าง
25,27/5/2026,611,สาขาแม่สูน,(707) สหกรณ์การเกษตร,AAA+,29474,18276,1 - ที่ดิน,1 - โฉนด,286006 -ที่ดินพร้อมสิ่งปลูกสร้าง,0 - ที่ดินเปล่า,,,"2,300,000.00",,,,16/01/2575,611,611,,,ที่ดิน + สิ่งปลูกสร้าง
26,27/5/2026,611,สาขาแม่สูน,(704) สหกรณ์ร้านค้า,B,29475,18277,1 - ที่ดิน,1 - โฉนด,286003 - ที่ดิน,2 - พื้นที่ในห้างสรรพสินค้า,,,"500,000.00",,,,23/12/2571,611,611,,,
27,27/5/2026,611,สาขาแม่สูน,(704) สหกรณ์ร้านค้า,AAA+,29476,18278,1 - ที่ดิน,1 - โฉนด,286003 - ที่ดิน,0 - ที่ดินเปล่า,,,"1,500,000.00",,,,27/12/2576,611,611,,,
28,27/5/2026,611,สาขาแม่สูน,(704) สหกรณ์ร้านค้า,A,29477,18279,1 - ที่ดิน,1 - โฉนด,286006 -ที่ดินพร้อมสิ่งปลูกสร้าง,0 - ที่ดินเปล่า,,,"2,000,000.00",,,,4/6/2573,611,611,,,ที่ดิน + สิ่งปลูกสร้าง
29,27/5/2026,611,สาขาแม่สูน,(704) สหกรณ์ร้านค้า,AA,29478,18280,1 - ที่ดิน,1 - โฉนด,286006 -ที่ดินพร้อมสิ่งปลูกสร้าง,0 - ที่ดินเปล่า,,,"215,000.00",,,,18/01/2571,611,611,,,ที่ดิน + สิ่งปลูกสร้าง
30,5/27/2026,611,สาขาแม่สูน,(704) สหกรณ์ร้านค้า,AAA+,29479,18281,1 - ที่ดิน,1 - โฉนด,286006 -ที่ดินพร้อมสิ่งปลูกสร้าง,0 - ที่ดินเปล่า,,,"2,250,000.00",,,,2/4/2578,611,611,,,ที่ดิน + สิ่งปลูกสร้าง
31,,611,สาขาแม่สูน,(603) เกษตรกร,(random),,,2 - สิ่งปลูกสร้าง,0,286004 - อาคารพร้อมสิ่งปลูกสร้าง,0,,,,,,,,611,611,,,
32,,611,สาขาแม่สูน,(603) เกษตรกร,(random),,,2 - สิ่งปลูกสร้าง,0,286004 - อาคารพร้อมสิ่งปลูกสร้าง,0,,,,,,,,611,611,,,
33,,611,สาขาแม่สูน,(603) เกษตรกร,(random),,,2 - สิ่งปลูกสร้าง,0,286006 - อื่นๆ (ไม่ใช่อาคาร),0,,,,,,,,611,611,,,
34,,611,สาขาแม่สูน,(603) เกษตรกร,(random),,,2 - สิ่งปลูกสร้าง,0,286006 - อื่นๆ (ไม่ใช่อาคาร),0,,,,,,,,611,611,,,
35,,611,สาขาแม่สูน,(603) เกษตรกร,(random),,,2 - สิ่งปลูกสร้าง,0,286006 - อื่นๆ (ไม้ยืนต้น),0,,,,,,,,611,611,,,
36,,611,สาขาแม่สูน,(603) เกษตรกร,(random),,,2 - สิ่งปลูกสร้าง,0,286006 - อื่นๆ (ไม้ยืนต้น),0,,,,,,,,611,611,,,
37,,611,สาขาแม่สูน,(600) บุคคลธรรมดา,(random),,,2 - สิ่งปลูกสร้าง,0,286004 - อาคารพร้อมสิ่งปลูกสร้าง,0,,,,,,,,611,611,,,
38,,611,สาขาแม่สูน,(600) บุคคลธรรมดา,(random),,,2 - สิ่งปลูกสร้าง,0,286004 - อาคารพร้อมสิ่งปลูกสร้าง,0,,,,,,,,611,611,,,
39,,611,สาขาแม่สูน,(600) บุคคลธรรมดา,(random),,,2 - สิ่งปลูกสร้าง,0,286006 - อื่นๆ (ไม่ใช่อาคาร),0,,,,,,,,611,611,,,
40,,611,สาขาแม่สูน,(600) บุคคลธรรมดา,(random),,,2 - สิ่งปลูกสร้าง,0,286006 - อื่นๆ (ไม่ใช่อาคาร),0,,,,,,,,611,611,,,
41,,611,สาขาแม่สูน,(600) บุคคลธรรมดา,(random),,,2 - สิ่งปลูกสร้าง,0,286006 - อื่นๆ (ไม้ยืนต้น),0,,,,,,,,611,611,,,
42,,611,สาขาแม่สูน,(600) บุคคลธรรมดา,(random),,,2 - สิ่งปลูกสร้าง,0,286006 - อื่นๆ (ไม้ยืนต้น),0,,,,,,,,611,611,,,
42,,611,สาขาแม่สูน,(500) นิติบุคคล,(random),,,2 - สิ่งปลูกสร้าง,0,286004 - อาคารพร้อมสิ่งปลูกสร้าง,0,,,,,,,,611,611,,,
43,,611,สาขาแม่สูน,(500) นิติบุคคล,(random),,,2 - สิ่งปลูกสร้าง,0,286004 - อาคารพร้อมสิ่งปลูกสร้าง,0,,,,,,,,611,611,,,
44,,611,สาขาแม่สูน,(500) นิติบุคคล,(random),,,2 - สิ่งปลูกสร้าง,0,286006 - อื่นๆ (ไม่ใช่อาคาร),0,,,,,,,,611,611,,,
45,,611,สาขาแม่สูน,(500) นิติบุคคล,(random),,,2 - สิ่งปลูกสร้าง,0,286006 - อื่นๆ (ไม่ใช่อาคาร),0,,,,,,,,611,611,,,
46,,611,สาขาแม่สูน,(500) นิติบุคคล,(random),,,2 - สิ่งปลูกสร้าง,0,286006 - อื่นๆ (ไม้ยืนต้น),0,,,,,,,,611,611,,,
47,,611,สาขาแม่สูน,(500) นิติบุคคล,(random),,,2 - สิ่งปลูกสร้าง,0,286006 - อื่นๆ (ไม้ยืนต้น),0,,,,,,,,611,611,,,
48,,611,สาขาแม่สูน,(707) สหกรณ์การเกษตร,(random),,,2 - สิ่งปลูกสร้าง,0,286004 - อาคารพร้อมสิ่งปลูกสร้าง,0,,,,,,,,611,611,,,
49,,611,สาขาแม่สูน,(707) สหกรณ์การเกษตร,(random),,,2 - สิ่งปลูกสร้าง,0,286004 - อาคารพร้อมสิ่งปลูกสร้าง,0,,,,,,,,611,611,,,
50,,611,สาขาแม่สูน,(707) สหกรณ์การเกษตร,(random),,,2 - สิ่งปลูกสร้าง,0,286006 - อื่นๆ (ไม่ใช่อาคาร),0,,,,,,,,611,611,,,
51,,611,สาขาแม่สูน,(707) สหกรณ์การเกษตร,(random),,,2 - สิ่งปลูกสร้าง,0,286006 - อื่นๆ (ไม่ใช่อาคาร),0,,,,,,,,611,611,,,
52,,611,สาขาแม่สูน,(707) สหกรณ์การเกษตร,(random),,,2 - สิ่งปลูกสร้าง,0,286006 - อื่นๆ (ไม้ยืนต้น),0,,,,,,,,611,611,,,
53,,611,สาขาแม่สูน,(707) สหกรณ์การเกษตร,(random),,,2 - สิ่งปลูกสร้าง,0,286006 - อื่นๆ (ไม้ยืนต้น),0,,,,,,,,611,611,,,
54,,611,สาขาแม่สูน,(709) กลุ่มเกษตรกร,(random),,,2 - สิ่งปลูกสร้าง,0,286004 - อาคารพร้อมสิ่งปลูกสร้าง,0,,,,,,,,611,611,,,
55,,611,สาขาแม่สูน,(709) กลุ่มเกษตรกร,(random),,,2 - สิ่งปลูกสร้าง,0,286004 - อาคารพร้อมสิ่งปลูกสร้าง,0,,,,,,,,611,611,,,
56,,611,สาขาแม่สูน,(709) กลุ่มเกษตรกร,(random),,,2 - สิ่งปลูกสร้าง,0,286006 - อื่นๆ (ไม่ใช่อาคาร),0,,,,,,,,611,611,,,
57,,611,สาขาแม่สูน,(709) กลุ่มเกษตรกร,(random),,,2 - สิ่งปลูกสร้าง,0,286006 - อื่นๆ (ไม่ใช่อาคาร),0,,,,,,,,611,611,,,
58,,611,สาขาแม่สูน,(710) กองทุนหมู่บ้าน,(random),,,2 - สิ่งปลูกสร้าง,0,286006 - อื่นๆ (ไม้ยืนต้น),0,,,,,,,,611,611,,,
59,,611,สาขาแม่สูน,(710) กองทุนหมู่บ้าน,(random),,,2 - สิ่งปลูกสร้าง,0,286006 - อื่นๆ (ไม้ยืนต้น),0,,,,,,,,611,611,,,
60,,611,สาขาแม่สูน,(603) เกษตรกร,(random),,,3 - เครื่องจักร,0,286011 - เครื่องจักร (0),0 - เครื่องจักรที่มีเลขทะเบียน,,,,,,,,611,611,,,
61,,611,สาขาแม่สูน,(603) เกษตรกร,(random),,,3 - เครื่องจักร,0,286011 - เครื่องจักร (1),1 - เครื่องจักรที่ไม่มีเลขทะเบียน,,,,,,,,611,611,,,
62,,611,สาขาแม่สูน,(603) เกษตรกร,(random),,,3 - เครื่องจักร,0,286011 - เครื่องจักร (2),2 - เครื่องจักรที่เป็นใบสั่งซื้อ,,,,,,,,611,611,,,
63,,611,สาขาแม่สูน,(600) บุคคลธรรมดา,(random),,,3 - เครื่องจักร,0,286011 - เครื่องจักร (0),0 - เครื่องจักรที่มีเลขทะเบียน,,,,,,,,611,611,,,
64,,611,สาขาแม่สูน,(600) บุคคลธรรมดา,(random),,,3 - เครื่องจักร,0,286011 - เครื่องจักร (1),1 - เครื่องจักรที่ไม่มีเลขทะเบียน,,,,,,,,611,611,,,
65,,611,สาขาแม่สูน,(600) บุคคลธรรมดา,(random),,,3 - เครื่องจักร,0,286011 - เครื่องจักร (2),2 - เครื่องจักรที่เป็นใบสั่งซื้อ,,,,,,,,611,611,,,
66,,611,สาขาแม่สูน,(500) นิติบุคคล,(random),,,3 - เครื่องจักร,0,286011 - เครื่องจักร (0),0 - เครื่องจักรที่มีเลขทะเบียน,,,,,,,,611,611,,,
67,,611,สาขาแม่สูน,(500) นิติบุคคล,(random),,,3 - เครื่องจักร,0,286011 - เครื่องจักร (1),1 - เครื่องจักรที่ไม่มีเลขทะเบียน,,,,,,,,611,611,,,
68,,611,สาขาแม่สูน,(500) นิติบุคคล,(random),,,3 - เครื่องจักร,0,286011 - เครื่องจักร (2),2 - เครื่องจักรที่เป็นใบสั่งซื้อ,,,,,,,,611,611,,,
69,,611,สาขาแม่สูน,(707) สหกรณ์การเกษตร,(random),,,3 - เครื่องจักร,0,286011 - เครื่องจักร (0),0 - เครื่องจักรที่มีเลขทะเบียน,,,,,,,,611,611,,,
70,,611,สาขาแม่สูน,(707) สหกรณ์การเกษตร,(random),,,3 - เครื่องจักร,0,286011 - เครื่องจักร (1),1 - เครื่องจักรที่ไม่มีเลขทะเบียน,,,,,,,,611,611,,,
71,,611,สาขาแม่สูน,(707) สหกรณ์การเกษตร,(random),,,3 - เครื่องจักร,0,286011 - เครื่องจักร (2),2 - เครื่องจักรที่เป็นใบสั่งซื้อ,,,,,,,,611,611,,,
72,,611,สาขาแม่สูน,(709) กลุ่มเกษตรกร,(random),,,3 - เครื่องจักร,0,286011 - เครื่องจักร (0),0 - เครื่องจักรที่มีเลขทะเบียน,,,,,,,,611,611,,,
73,,611,สาขาแม่สูน,(709) กลุ่มเกษตรกร,(random),,,3 - เครื่องจักร,0,286011 - เครื่องจักร (1),1 - เครื่องจักรที่ไม่มีเลขทะเบียน,,,,,,,,611,611,,,
74,,611,สาขาแม่สูน,(709) กลุ่มเกษตรกร,(random),,,3 - เครื่องจักร,0,286011 - เครื่องจักร (2),2 - เครื่องจักรที่เป็นใบสั่งซื้อ,,,,,,,,611,611,,,
75,,611,สาขาแม่สูน,(603) เกษตรกร,(random),,,4 - บัญชีเงินฝาก,0,286018 - เงินฝากประจำ,0,,,,,(3001) เงินฝากประจำระยะสั้น,(1) ผู้กู้,,611,611,,,
76,,611,สาขาแม่สูน,(603) เกษตรกร,(random),,,4 - บัญชีเงินฝาก,0,286018 - เงินฝากประจำ,0,,,,,(3001) เงินฝากประจำระยะสั้น,(2) บุคคลอื่น,,611,611,,,
77,,611,สาขาแม่สูน,(603) เกษตรกร,(random),,,4 - บัญชีเงินฝาก,0,286018 - เงินฝากประจำ,0,,,,,(3001) เงินฝากประจำระยะสั้น,(3) บัญชีฝากร่วม,,611,611,,,
78,,611,สาขาแม่สูน,(603) เกษตรกร,(random),,,4 - บัญชีเงินฝาก,0,286018 - เงินฝากประจำ,0,,,,,(3002) เงินฝากประจำระยะยาว,(1) ผู้กู้,,611,611,,,
79,,611,สาขาแม่สูน,(603) เกษตรกร,(random),,,4 - บัญชีเงินฝาก,0,286018 - เงินฝากประจำ,0,,,,,(3002) เงินฝากประจำระยะยาว,(2) บุคคลอื่น,,611,611,,,
80,,611,สาขาแม่สูน,(603) เกษตรกร,(random),,,4 - บัญชีเงินฝาก,0,286018 - เงินฝากประจำ,0,,,,,(3002) เงินฝากประจำระยะยาว,(3) บัญชีฝากร่วม,,611,611,,,
81,,611,สาขาแม่สูน,(603) เกษตรกร,(random),,,4 - บัญชีเงินฝาก,0,286019 - เงินฝากออมทรัพย์,0,,,,,(2001) เงินฝากออมทรัพย์ปกติ,(1) ผู้กู้,,611,611,,,
82,,611,สาขาแม่สูน,(603) เกษตรกร,(random),,,4 - บัญชีเงินฝาก,0,286019 - เงินฝากออมทรัพย์,0,,,,,(2001) เงินฝากออมทรัพย์ปกติ,(2) บุคคลอื่น,,611,611,,,
83,,611,สาขาแม่สูน,(603) เกษตรกร,(random),,,4 - บัญชีเงินฝาก,0,286019 - เงินฝากออมทรัพย์,0,,,,,(2001) เงินฝากออมทรัพย์ปกติ,(3) บัญชีฝากร่วม,,611,611,,,
84,,611,สาขาแม่สูน,(603) เกษตรกร,(random),,,4 - บัญชีเงินฝาก,0,286019 - เงินฝากออมทรัพย์,0,,,,,(2003) เงินฝากออมทรัพย์พิเศษ,(1) ผู้กู้,,611,611,,,
85,,611,สาขาแม่สูน,(603) เกษตรกร,(random),,,4 - บัญชีเงินฝาก,0,286019 - เงินฝากออมทรัพย์,0,,,,,(2003) เงินฝากออมทรัพย์พิเศษ,(2) บุคคลอื่น,,611,611,,,
86,,611,สาขาแม่สูน,(603) เกษตรกร,(random),,,4 - บัญชีเงินฝาก,0,286019 - เงินฝากออมทรัพย์,0,,,,,(2003) เงินฝากออมทรัพย์พิเศษ,(3) บัญชีฝากร่วม,,611,611,,,
87,,611,สาขาแม่สูน,(603) เกษตรกร,(random),,,4 - บัญชีเงินฝาก,0,286019 - เงินฝากออมทรัพย์,0,,,,,(2004) เงินฝากออมทรัพย์ทวีโชค,(1) ผู้กู้,,611,611,,,
88,,611,สาขาแม่สูน,(603) เกษตรกร,(random),,,4 - บัญชีเงินฝาก,0,286019 - เงินฝากออมทรัพย์,0,,,,,(2004) เงินฝากออมทรัพย์ทวีโชค,(2) บุคคลอื่น,,611,611,,,
89,,611,สาขาแม่สูน,(603) เกษตรกร,(random),,,4 - บัญชีเงินฝาก,0,286019 - เงินฝากออมทรัพย์,0,,,,,(2004) เงินฝากออมทรัพย์ทวีโชค,(3) บัญชีฝากร่วม,,611,611,,,
90,,611,สาขาแม่สูน,(600) บุคคลธรรมดา,(random),,,4 - บัญชีเงินฝาก,0,286018 - เงินฝากประจำ,0,,,,,(3001) เงินฝากประจำระยะสั้น,(1) ผู้กู้,,611,611,,,
91,,611,สาขาแม่สูน,(600) บุคคลธรรมดา,(random),,,4 - บัญชีเงินฝาก,0,286018 - เงินฝากประจำ,0,,,,,(3001) เงินฝากประจำระยะสั้น,(2) บุคคลอื่น,,611,611,,,
92,,611,สาขาแม่สูน,(600) บุคคลธรรมดา,(random),,,4 - บัญชีเงินฝาก,0,286018 - เงินฝากประจำ,0,,,,,(3001) เงินฝากประจำระยะสั้น,(3) บัญชีฝากร่วม,,611,611,,,
93,,611,สาขาแม่สูน,(600) บุคคลธรรมดา,(random),,,4 - บัญชีเงินฝาก,0,286018 - เงินฝากประจำ,0,,,,,(3002) เงินฝากประจำระยะยาว,(1) ผู้กู้,,611,611,,,
94,,611,สาขาแม่สูน,(600) บุคคลธรรมดา,(random),,,4 - บัญชีเงินฝาก,0,286018 - เงินฝากประจำ,0,,,,,(3002) เงินฝากประจำระยะยาว,(2) บุคคลอื่น,,611,611,,,
95,,611,สาขาแม่สูน,(600) บุคคลธรรมดา,(random),,,4 - บัญชีเงินฝาก,0,286018 - เงินฝากประจำ,0,,,,,(3002) เงินฝากประจำระยะยาว,(3) บัญชีฝากร่วม,,611,611,,,
96,,611,สาขาแม่สูน,(600) บุคคลธรรมดา,(random),,,4 - บัญชีเงินฝาก,0,286019 - เงินฝากออมทรัพย์,0,,,,,(2001) เงินฝากออมทรัพย์ปกติ,(1) ผู้กู้,,611,611,,,
97,,611,สาขาแม่สูน,(600) บุคคลธรรมดา,(random),,,4 - บัญชีเงินฝาก,0,286019 - เงินฝากออมทรัพย์,0,,,,,(2001) เงินฝากออมทรัพย์ปกติ,(2) บุคคลอื่น,,611,611,,,
98,,611,สาขาแม่สูน,(600) บุคคลธรรมดา,(random),,,4 - บัญชีเงินฝาก,0,286019 - เงินฝากออมทรัพย์,0,,,,,(2001) เงินฝากออมทรัพย์ปกติ,(3) บัญชีฝากร่วม,,611,611,,,
99,,611,สาขาแม่สูน,(600) บุคคลธรรมดา,(random),,,4 - บัญชีเงินฝาก,0,286019 - เงินฝากออมทรัพย์,0,,,,,(2003) เงินฝากออมทรัพย์พิเศษ,(1) ผู้กู้,,611,611,,,
100,,611,สาขาแม่สูน,(600) บุคคลธรรมดา,(random),,,4 - บัญชีเงินฝาก,0,286019 - เงินฝากออมทรัพย์,0,,,,,(2003) เงินฝากออมทรัพย์พิเศษ,(2) บุคคลอื่น,,611,611,,,
101,,611,สาขาแม่สูน,(600) บุคคลธรรมดา,(random),,,4 - บัญชีเงินฝาก,0,286019 - เงินฝากออมทรัพย์,0,,,,,(2003) เงินฝากออมทรัพย์พิเศษ,(3) บัญชีฝากร่วม,,611,611,,,
102,,611,สาขาแม่สูน,(600) บุคคลธรรมดา,(random),,,4 - บัญชีเงินฝาก,0,286019 - เงินฝากออมทรัพย์,0,,,,,(2004) เงินฝากออมทรัพย์ทวีโชค,(1) ผู้กู้,,611,611,,,
103,,611,สาขาแม่สูน,(600) บุคคลธรรมดา,(random),,,4 - บัญชีเงินฝาก,0,286019 - เงินฝากออมทรัพย์,0,,,,,(2004) เงินฝากออมทรัพย์ทวีโชค,(2) บุคคลอื่น,,611,611,,,
104,,611,สาขาแม่สูน,(600) บุคคลธรรมดา,(random),,,4 - บัญชีเงินฝาก,0,286019 - เงินฝากออมทรัพย์,0,,,,,(2004) เงินฝากออมทรัพย์ทวีโชค,(3) บัญชีฝากร่วม,,611,611,,,
105,,611,สาขาแม่สูน,(500) นิติบุคคล,(random),,,4 - บัญชีเงินฝาก,0,286018 - เงินฝากประจำ,0,,,,,(3001) เงินฝากประจำระยะสั้น,(1) ผู้กู้,,611,611,,,
106,,611,สาขาแม่สูน,(500) นิติบุคคล,(random),,,4 - บัญชีเงินฝาก,0,286018 - เงินฝากประจำ,0,,,,,(3001) เงินฝากประจำระยะสั้น,(2) บุคคลอื่น,,611,611,,,
107,,611,สาขาแม่สูน,(500) นิติบุคคล,(random),,,4 - บัญชีเงินฝาก,0,286018 - เงินฝากประจำ,0,,,,,(3001) เงินฝากประจำระยะสั้น,(3) บัญชีฝากร่วม,,611,611,,,
108,,611,สาขาแม่สูน,(500) นิติบุคคล,(random),,,4 - บัญชีเงินฝาก,0,286018 - เงินฝากประจำ,0,,,,,(3002) เงินฝากประจำระยะยาว,(1) ผู้กู้,,611,611,,,
109,,611,สาขาแม่สูน,(500) นิติบุคคล,(random),,,4 - บัญชีเงินฝาก,0,286018 - เงินฝากประจำ,0,,,,,(3002) เงินฝากประจำระยะยาว,(2) บุคคลอื่น,,611,611,,,
110,,611,สาขาแม่สูน,(500) นิติบุคคล,(random),,,4 - บัญชีเงินฝาก,0,286018 - เงินฝากประจำ,0,,,,,(3002) เงินฝากประจำระยะยาว,(3) บัญชีฝากร่วม,,611,611,,,
111,,611,สาขาแม่สูน,(500) นิติบุคคล,(random),,,4 - บัญชีเงินฝาก,0,286019 - เงินฝากออมทรัพย์,0,,,,,(2001) เงินฝากออมทรัพย์ปกติ,(1) ผู้กู้,,611,611,,,
112,,611,สาขาแม่สูน,(500) นิติบุคคล,(random),,,4 - บัญชีเงินฝาก,0,286019 - เงินฝากออมทรัพย์,0,,,,,(2001) เงินฝากออมทรัพย์ปกติ,(2) บุคคลอื่น,,611,611,,,
113,,611,สาขาแม่สูน,(500) นิติบุคคล,(random),,,4 - บัญชีเงินฝาก,0,286019 - เงินฝากออมทรัพย์,0,,,,,(2001) เงินฝากออมทรัพย์ปกติ,(3) บัญชีฝากร่วม,,611,611,,,
114,,611,สาขาแม่สูน,(500) นิติบุคคล,(random),,,4 - บัญชีเงินฝาก,0,286019 - เงินฝากออมทรัพย์,0,,,,,(2003) เงินฝากออมทรัพย์พิเศษ,(1) ผู้กู้,,611,611,,,
115,,611,สาขาแม่สูน,(500) นิติบุคคล,(random),,,4 - บัญชีเงินฝาก,0,286019 - เงินฝากออมทรัพย์,0,,,,,(2003) เงินฝากออมทรัพย์พิเศษ,(2) บุคคลอื่น,,611,611,,,
116,,611,สาขาแม่สูน,(500) นิติบุคคล,(random),,,4 - บัญชีเงินฝาก,0,286019 - เงินฝากออมทรัพย์,0,,,,,(2003) เงินฝากออมทรัพย์พิเศษ,(3) บัญชีฝากร่วม,,611,611,,,
117,,611,สาขาแม่สูน,(500) นิติบุคคล,(random),,,4 - บัญชีเงินฝาก,0,286019 - เงินฝากออมทรัพย์,0,,,,,(2004) เงินฝากออมทรัพย์ทวีโชค,(1) ผู้กู้,,611,611,,,
118,,611,สาขาแม่สูน,(500) นิติบุคคล,(random),,,4 - บัญชีเงินฝาก,0,286019 - เงินฝากออมทรัพย์,0,,,,,(2004) เงินฝากออมทรัพย์ทวีโชค,(2) บุคคลอื่น,,611,611,,,
119,,611,สาขาแม่สูน,(500) นิติบุคคล,(random),,,4 - บัญชีเงินฝาก,0,286019 - เงินฝากออมทรัพย์,0,,,,,(2004) เงินฝากออมทรัพย์ทวีโชค,(3) บัญชีฝากร่วม,,611,611,,,
120,,611,สาขาแม่สูน,(707) สหกรณ์การเกษตร,(random),,,4 - บัญชีเงินฝาก,0,286018 - เงินฝากประจำ,0,,,,,(3001) เงินฝากประจำระยะสั้น,(1) ผู้กู้,,611,611,,,
121,,611,สาขาแม่สูน,(707) สหกรณ์การเกษตร,(random),,,4 - บัญชีเงินฝาก,0,286018 - เงินฝากประจำ,0,,,,,(3001) เงินฝากประจำระยะสั้น,(2) บุคคลอื่น,,611,611,,,
122,,611,สาขาแม่สูน,(707) สหกรณ์การเกษตร,(random),,,4 - บัญชีเงินฝาก,0,286018 - เงินฝากประจำ,0,,,,,(3001) เงินฝากประจำระยะสั้น,(3) บัญชีฝากร่วม,,611,611,,,
123,,611,สาขาแม่สูน,(707) สหกรณ์การเกษตร,(random),,,4 - บัญชีเงินฝาก,0,286018 - เงินฝากประจำ,0,,,,,(3002) เงินฝากประจำระยะยาว,(1) ผู้กู้,,611,611,,,
124,,611,สาขาแม่สูน,(707) สหกรณ์การเกษตร,(random),,,4 - บัญชีเงินฝาก,0,286018 - เงินฝากประจำ,0,,,,,(3002) เงินฝากประจำระยะยาว,(2) บุคคลอื่น,,611,611,,,
125,,611,สาขาแม่สูน,(707) สหกรณ์การเกษตร,(random),,,4 - บัญชีเงินฝาก,0,286018 - เงินฝากประจำ,0,,,,,(3002) เงินฝากประจำระยะยาว,(3) บัญชีฝากร่วม,,611,611,,,
126,,611,สาขาแม่สูน,(707) สหกรณ์การเกษตร,(random),,,4 - บัญชีเงินฝาก,0,286019 - เงินฝากออมทรัพย์,0,,,,,(2001) เงินฝากออมทรัพย์ปกติ,(1) ผู้กู้,,611,611,,,
127,,611,สาขาแม่สูน,(707) สหกรณ์การเกษตร,(random),,,4 - บัญชีเงินฝาก,0,286019 - เงินฝากออมทรัพย์,0,,,,,(2001) เงินฝากออมทรัพย์ปกติ,(2) บุคคลอื่น,,611,611,,,
128,,611,สาขาแม่สูน,(707) สหกรณ์การเกษตร,(random),,,4 - บัญชีเงินฝาก,0,286019 - เงินฝากออมทรัพย์,0,,,,,(2001) เงินฝากออมทรัพย์ปกติ,(3) บัญชีฝากร่วม,,611,611,,,
129,,611,สาขาแม่สูน,(707) สหกรณ์การเกษตร,(random),,,4 - บัญชีเงินฝาก,0,286019 - เงินฝากออมทรัพย์,0,,,,,(2003) เงินฝากออมทรัพย์พิเศษ,(1) ผู้กู้,,611,611,,,
130,,611,สาขาแม่สูน,(707) สหกรณ์การเกษตร,(random),,,4 - บัญชีเงินฝาก,0,286019 - เงินฝากออมทรัพย์,0,,,,,(2003) เงินฝากออมทรัพย์พิเศษ,(2) บุคคลอื่น,,611,611,,,
131,,611,สาขาแม่สูน,(707) สหกรณ์การเกษตร,(random),,,4 - บัญชีเงินฝาก,0,286019 - เงินฝากออมทรัพย์,0,,,,,(2003) เงินฝากออมทรัพย์พิเศษ,(3) บัญชีฝากร่วม,,611,611,,,
132,,611,สาขาแม่สูน,(707) สหกรณ์การเกษตร,(random),,,4 - บัญชีเงินฝาก,0,286019 - เงินฝากออมทรัพย์,0,,,,,(2004) เงินฝากออมทรัพย์ทวีโชค,(1) ผู้กู้,,611,611,,,
133,,611,สาขาแม่สูน,(707) สหกรณ์การเกษตร,(random),,,4 - บัญชีเงินฝาก,0,286019 - เงินฝากออมทรัพย์,0,,,,,(2004) เงินฝากออมทรัพย์ทวีโชค,(2) บุคคลอื่น,,611,611,,,
134,,611,สาขาแม่สูน,(707) สหกรณ์การเกษตร,(random),,,4 - บัญชีเงินฝาก,0,286019 - เงินฝากออมทรัพย์,0,,,,,(2004) เงินฝากออมทรัพย์ทวีโชค,(3) บัญชีฝากร่วม,,611,611,,,
135,,611,สาขาแม่สูน,(603) เกษตรกร,(random),,,5 - พันธบัตร,0,286018 - พันธบัตร,0,,,,,,(1) ผู้กู้ 0-4 ปี,,611,611,,,
136,,611,สาขาแม่สูน,(603) เกษตรกร,(random),,,5 - พันธบัตร,0,286018 - พันธบัตร,0,,,,,,(1) ผู้กู้ 4-8 ปี,,611,611,,,
137,,611,สาขาแม่สูน,(603) เกษตรกร,(random),,,5 - พันธบัตร,0,286018 - พันธบัตร,0,,,,,,(1) ผู้กู้ 8-12 ปี,,611,611,,,
138,,611,สาขาแม่สูน,(603) เกษตรกร,(random),,,5 - พันธบัตร,0,286018 - พันธบัตร,0,,,,,,(1) ผู้กู้ 12-16 ปี,,611,611,,,
139,,611,สาขาแม่สูน,(603) เกษตรกร,(random),,,5 - พันธบัตร,0,286018 - พันธบัตร,0,,,,,,(1) ผู้กู้ >16 ปี,,611,611,,,
140,,611,สาขาแม่สูน,(603) เกษตรกร,(random),,,5 - พันธบัตร,0,286018 - พันธบัตร,0,,,,,,(2) คู่สมรสของผู้กู้ 0-4 ปี,,611,611,,,
141,,611,สาขาแม่สูน,(603) เกษตรกร,(random),,,5 - พันธบัตร,0,286018 - พันธบัตร,0,,,,,,(2) คู่สมรสของผู้กู้ 4-8 ปี,,611,611,,,
142,,611,สาขาแม่สูน,(603) เกษตรกร,(random),,,5 - พันธบัตร,0,286018 - พันธบัตร,0,,,,,,(2) คู่สมรสของผู้กู้ 8-12 ปี,,611,611,,,
143,,611,สาขาแม่สูน,(603) เกษตรกร,(random),,,5 - พันธบัตร,0,286018 - พันธบัตร,0,,,,,,(2) คู่สมรสของผู้กู้ 12-16 ปี,,611,611,,,
144,,611,สาขาแม่สูน,(603) เกษตรกร,(random),,,5 - พันธบัตร,0,286018 - พันธบัตร,0,,,,,,(2) คู่สมรสของผู้กู้ >16 ปี,,611,611,,,
145,,611,สาขาแม่สูน,(603) เกษตรกร,(random),,,5 - พันธบัตร,0,286018 - พันธบัตร,0,,,,,,(3) ของผู้อื่นซึ่งมิใช่คู่สมรสของผู้กู้ 0-4 ปี,,611,611,,,
146,,611,สาขาแม่สูน,(603) เกษตรกร,(random),,,5 - พันธบัตร,0,286018 - พันธบัตร,0,,,,,,(3) ของผู้อื่นซึ่งมิใช่คู่สมรสของผู้กู้ 4-8 ปี,,611,611,,,
147,,611,สาขาแม่สูน,(603) เกษตรกร,(random),,,5 - พันธบัตร,0,286018 - พันธบัตร,0,,,,,,(3) ของผู้อื่นซึ่งมิใช่คู่สมรสของผู้กู้ 8-12 ปี,,611,611,,,
148,,611,สาขาแม่สูน,(603) เกษตรกร,(random),,,5 - พันธบัตร,0,286018 - พันธบัตร,0,,,,,,(3) ของผู้อื่นซึ่งมิใช่คู่สมรสของผู้กู้ 12-16 ปี,,611,611,,,
149,,611,สาขาแม่สูน,(603) เกษตรกร,(random),,,5 - พันธบัตร,0,286018 - พันธบัตร,0,,,,,,(3) ของผู้อื่นซึ่งมิใช่คู่สมรสของผู้กู้ >16 ปี,,611,611,,,
150,,611,สาขาแม่สูน,(600) บุคคลธรรมดา,(random),,,5 - พันธบัตร,0,286018 - พันธบัตร,0,,,,,,(1) ผู้กู้ 0-4 ปี,,611,611,,,
151,,611,สาขาแม่สูน,(600) บุคคลธรรมดา,(random),,,5 - พันธบัตร,0,286018 - พันธบัตร,0,,,,,,(1) ผู้กู้ 4-8 ปี,,611,611,,,
152,,611,สาขาแม่สูน,(600) บุคคลธรรมดา,(random),,,5 - พันธบัตร,0,286018 - พันธบัตร,0,,,,,,(1) ผู้กู้ 8-12 ปี,,611,611,,,
153,,611,สาขาแม่สูน,(600) บุคคลธรรมดา,(random),,,5 - พันธบัตร,0,286018 - พันธบัตร,0,,,,,,(1) ผู้กู้ 12-16 ปี,,611,611,,,
154,,611,สาขาแม่สูน,(600) บุคคลธรรมดา,(random),,,5 - พันธบัตร,0,286018 - พันธบัตร,0,,,,,,(1) ผู้กู้ >16 ปี,,611,611,,,
155,,611,สาขาแม่สูน,(600) บุคคลธรรมดา,(random),,,5 - พันธบัตร,0,286018 - พันธบัตร,0,,,,,,(2) คู่สมรสของผู้กู้ 0-4 ปี,,611,611,,,
156,,611,สาขาแม่สูน,(600) บุคคลธรรมดา,(random),,,5 - พันธบัตร,0,286018 - พันธบัตร,0,,,,,,(2) คู่สมรสของผู้กู้ 4-8 ปี,,611,611,,,
157,,611,สาขาแม่สูน,(600) บุคคลธรรมดา,(random),,,5 - พันธบัตร,0,286018 - พันธบัตร,0,,,,,,(2) คู่สมรสของผู้กู้ 8-12 ปี,,611,611,,,
158,,611,สาขาแม่สูน,(600) บุคคลธรรมดา,(random),,,5 - พันธบัตร,0,286018 - พันธบัตร,0,,,,,,(2) คู่สมรสของผู้กู้ 12-16 ปี,,611,611,,,
159,,611,สาขาแม่สูน,(600) บุคคลธรรมดา,(random),,,5 - พันธบัตร,0,286018 - พันธบัตร,0,,,,,,(2) คู่สมรสของผู้กู้ >16 ปี,,611,611,,,
160,,611,สาขาแม่สูน,(600) บุคคลธรรมดา,(random),,,5 - พันธบัตร,0,286018 - พันธบัตร,0,,,,,,(3) ของผู้อื่นซึ่งมิใช่คู่สมรสของผู้กู้ 0-4 ปี,,611,611,,,
161,,611,สาขาแม่สูน,(600) บุคคลธรรมดา,(random),,,5 - พันธบัตร,0,286018 - พันธบัตร,0,,,,,,(3) ของผู้อื่นซึ่งมิใช่คู่สมรสของผู้กู้ 4-8 ปี,,611,611,,,
162,,611,สาขาแม่สูน,(600) บุคคลธรรมดา,(random),,,5 - พันธบัตร,0,286018 - พันธบัตร,0,,,,,,(3) ของผู้อื่นซึ่งมิใช่คู่สมรสของผู้กู้ 8-12 ปี,,611,611,,,
163,,611,สาขาแม่สูน,(600) บุคคลธรรมดา,(random),,,5 - พันธบัตร,0,286018 - พันธบัตร,0,,,,,,(3) ของผู้อื่นซึ่งมิใช่คู่สมรสของผู้กู้ 12-16 ปี,,611,611,,,
164,,611,สาขาแม่สูน,(600) บุคคลธรรมดา,(random),,,5 - พันธบัตร,0,286018 - พันธบัตร,0,,,,,,(3) ของผู้อื่นซึ่งมิใช่คู่สมรสของผู้กู้ >16 ปี,,611,611,,,
165,,611,สาขาแม่สูน,(500) นิติบุคคล,(random),,,5 - พันธบัตร,0,286018 - พันธบัตร,0,,,,,,(1) ผู้กู้ 0-4 ปี,,611,611,,,
166,,611,สาขาแม่สูน,(500) นิติบุคคล,(random),,,5 - พันธบัตร,0,286018 - พันธบัตร,0,,,,,,(1) ผู้กู้ 4-8 ปี,,611,611,,,
167,,611,สาขาแม่สูน,(500) นิติบุคคล,(random),,,5 - พันธบัตร,0,286018 - พันธบัตร,0,,,,,,(1) ผู้กู้ 8-12 ปี,,611,611,,,
168,,611,สาขาแม่สูน,(500) นิติบุคคล,(random),,,5 - พันธบัตร,0,286018 - พันธบัตร,0,,,,,,(1) ผู้กู้ 12-16 ปี,,611,611,,,
169,,611,สาขาแม่สูน,(500) นิติบุคคล,(random),,,5 - พันธบัตร,0,286018 - พันธบัตร,0,,,,,,(1) ผู้กู้ >16 ปี,,611,611,,,
170,,611,สาขาแม่สูน,(500) นิติบุคคล,(random),,,5 - พันธบัตร,0,286018 - พันธบัตร,0,,,,,,(3) ของผู้อื่นซึ่งมิใช่คู่สมรสของผู้กู้ 0-4 ปี,,611,611,,,
171,,611,สาขาแม่สูน,(500) นิติบุคคล,(random),,,5 - พันธบัตร,0,286018 - พันธบัตร,0,,,,,,(3) ของผู้อื่นซึ่งมิใช่คู่สมรสของผู้กู้ 4-8 ปี,,611,611,,,
172,,611,สาขาแม่สูน,(500) นิติบุคคล,(random),,,5 - พันธบัตร,0,286018 - พันธบัตร,0,,,,,,(3) ของผู้อื่นซึ่งมิใช่คู่สมรสของผู้กู้ 8-12 ปี,,611,611,,,
173,,611,สาขาแม่สูน,(500) นิติบุคคล,(random),,,5 - พันธบัตร,0,286018 - พันธบัตร,0,,,,,,(3) ของผู้อื่นซึ่งมิใช่คู่สมรสของผู้กู้ 12-16 ปี,,611,611,,,
174,,611,สาขาแม่สูน,(500) นิติบุคคล,(random),,,5 - พันธบัตร,0,286018 - พันธบัตร,0,,,,,,(3) ของผู้อื่นซึ่งมิใช่คู่สมรสของผู้กู้ >16 ปี,,611,611,,,
175,,611,สาขาแม่สูน,(707) สหกรณ์การเกษตร,(random),,,5 - พันธบัตร,0,286018 - พันธบัตร,0,,,,,,(1) ผู้กู้ 0-4 ปี,,611,611,,,
176,,611,สาขาแม่สูน,(707) สหกรณ์การเกษตร,(random),,,5 - พันธบัตร,0,286018 - พันธบัตร,0,,,,,,(1) ผู้กู้ 4-8 ปี,,611,611,,,
177,,611,สาขาแม่สูน,(707) สหกรณ์การเกษตร,(random),,,5 - พันธบัตร,0,286018 - พันธบัตร,0,,,,,,(1) ผู้กู้ 8-12 ปี,,611,611,,,
178,,611,สาขาแม่สูน,(707) สหกรณ์การเกษตร,(random),,,5 - พันธบัตร,0,286018 - พันธบัตร,0,,,,,,(1) ผู้กู้ 12-16 ปี,,611,611,,,
179,,611,สาขาแม่สูน,(707) สหกรณ์การเกษตร,(random),,,5 - พันธบัตร,0,286018 - พันธบัตร,0,,,,,,(1) ผู้กู้ >16 ปี,,611,611,,,
180,,611,สาขาแม่สูน,(707) สหกรณ์การเกษตร,(random),,,5 - พันธบัตร,0,286018 - พันธบัตร,0,,,,,,(3) ของผู้อื่นซึ่งมิใช่คู่สมรสของผู้กู้ 0-4 ปี,,611,611,,,
181,,611,สาขาแม่สูน,(707) สหกรณ์การเกษตร,(random),,,5 - พันธบัตร,0,286018 - พันธบัตร,0,,,,,,(3) ของผู้อื่นซึ่งมิใช่คู่สมรสของผู้กู้ 4-8 ปี,,611,611,,,
182,,611,สาขาแม่สูน,(707) สหกรณ์การเกษตร,(random),,,5 - พันธบัตร,0,286018 - พันธบัตร,0,,,,,,(3) ของผู้อื่นซึ่งมิใช่คู่สมรสของผู้กู้ 8-12 ปี,,611,611,,,
183,,611,สาขาแม่สูน,(707) สหกรณ์การเกษตร,(random),,,5 - พันธบัตร,0,286018 - พันธบัตร,0,,,,,,(3) ของผู้อื่นซึ่งมิใช่คู่สมรสของผู้กู้ 12-16 ปี,,611,611,,,
184,,611,สาขาแม่สูน,(707) สหกรณ์การเกษตร,(random),,,5 - พันธบัตร,0,286018 - พันธบัตร,0,,,,,,(3) ของผู้อื่นซึ่งมิใช่คู่สมรสของผู้กู้ >16 ปี,,611,611,,,
185,,611,สาขาแม่สูน,(603) เกษตรกร,(random),,,8 - คอนโด/อาคารชุด,0,286008 - อื่นๆ,0,,,,,,,,611,611,,,
186,,611,สาขาแม่สูน,(603) เกษตรกร,(random),,,8 - คอนโด/อาคารชุด,0,286008 - อื่นๆ,0,,,,,,,,611,611,,,
187,,611,สาขาแม่สูน,(603) เกษตรกร,(random),,,8 - คอนโด/อาคารชุด,0,286008 - อาคารชุด,0,,,,,,,,611,611,,,
188,,611,สาขาแม่สูน,(600) บุคคลธรรมดา,(random),,,8 - คอนโด/อาคารชุด,0,286008 - อื่นๆ,0,,,,,,,,611,611,,,
189,,611,สาขาแม่สูน,(600) บุคคลธรรมดา,(random),,,8 - คอนโด/อาคารชุด,0,286008 - อื่นๆ,0,,,,,,,,611,611,,,
190,,611,สาขาแม่สูน,(600) บุคคลธรรมดา,(random),,,8 - คอนโด/อาคารชุด,0,286008 - อาคารชุด,0,,,,,,,,611,611,,,
191,,611,สาขาแม่สูน,(500) นิติบุคคล,(random),,,8 - คอนโด/อาคารชุด,0,286008 - อื่นๆ,0,,,,,,,,611,611,,,
192,,611,สาขาแม่สูน,(500) นิติบุคคล,(random),,,8 - คอนโด/อาคารชุด,0,286008 - อื่นๆ,0,,,,,,,,611,611,,,
193,,611,สาขาแม่สูน,(500) นิติบุคคล,(random),,,8 - คอนโด/อาคารชุด,0,286008 - อาคารชุด,0,,,,,,,,611,611,,,
194,,611,สาขาแม่สูน,(704) สหกรณ์ร้านค้า,(random),,,8 - คอนโด/อาคารชุด,0,286008 - อื่นๆ,0,,,,,,,,611,611,,,
195,,611,สาขาแม่สูน,(704) สหกรณ์ร้านค้า,(random),,,8 - คอนโด/อาคารชุด,0,286008 - อื่นๆ,0,,,,,,,,611,611,,,
196,,611,สาขาแม่สูน,(704) สหกรณ์ร้านค้า,(random),,,8 - คอนโด/อาคารชุด,0,286008 - อาคารชุด,0,,,,,,,,611,611,,,
197,,611,สาขาแม่สูน,(707) สหกรณ์การเกษตร,(random),,,8 - คอนโด/อาคารชุด,0,286008 - อื่นๆ,0,,,,,,,,611,611,,,
198,,611,สาขาแม่สูน,(707) สหกรณ์การเกษตร,(random),,,8 - คอนโด/อาคารชุด,0,286008 - อื่นๆ,0,,,,,,,,611,611,,,
199,,611,สาขาแม่สูน,(707) สหกรณ์การเกษตร,(random),,,8 - คอนโด/อาคารชุด,0,286008 - อาคารชุด,0,,,,,,,,611,611,,,
200,,611,สาขาแม่สูน,(603) เกษตรกร,(random),,,13 - หนังสือค้ำประกัน,1 - บสย.,286061 - บสย.,0,,,,,,,,611,611,,,
201,,611,สาขาแม่สูน,(603) เกษตรกร,(random),,,13 - หนังสือค้ำประกัน,2 - บสย. (Portfolio Guarantee Scheme),286061 - บสย. รัฐ,0,,,,,,,,611,611,,,
202,,611,สาขาแม่สูน,(603) เกษตรกร,(random),,,13 - หนังสือค้ำประกัน,3 - กองทุนบำเหน็ดตกทอด,286061 - กองทุนบำเหน็ดตกทอด,0,,,,,,,,611,611,,,
203,,611,สาขาแม่สูน,(600) บุคคลธรรมดา,(random),,,13 - หนังสือค้ำประกัน,1 - บสย.,286061 - บสย.,0,,,,,,,,611,611,,,
204,,611,สาขาแม่สูน,(600) บุคคลธรรมดา,(random),,,13 - หนังสือค้ำประกัน,2 - บสย. (Portfolio Guarantee Scheme),286061 - บสย. รัฐ,0,,,,,,,,611,611,,,
205,,611,สาขาแม่สูน,(600) บุคคลธรรมดา,(random),,,13 - หนังสือค้ำประกัน,3 - กองทุนบำเหน็ดตกทอด,286061 - กองทุนบำเหน็ดตกทอด,0,,,,,,,,611,611,,,
206,,611,สาขาแม่สูน,(600) บุคคลธรรมดา,(random),,,13 - หนังสือค้ำประกัน,4 - หนังสือประกันกระทรวงการคลัง,286061 - หนังสือประกันกระทรวงการคลัง,0,,,,,,,,611,611,,,ต้องไม่สามารถทำรายการได้
207,,611,สาขาแม่สูน,(500) นิติบุคคล,(random),,,13 - หนังสือค้ำประกัน,1 - บสย.,286061 - บสย.,0,,,,,,,,611,611,,,
208,,611,สาขาแม่สูน,(500) นิติบุคคล,(random),,,13 - หนังสือค้ำประกัน,2 - บสย. (Portfolio Guarantee Scheme),286061 - บสย. รัฐ,0,,,,,,,,611,611,,,
209,,611,สาขาแม่สูน,(500) นิติบุคคล,(random),,,13 - หนังสือค้ำประกัน,3 - กองทุนบำเหน็ดตกทอด,286061 - กองทุนบำเหน็ดตกทอด,0,,,,,,,,611,611,,,ต้องไม่สามารถทำรายการได้
210,,611,สาขาแม่สูน,(500) นิติบุคคล,(random),,,13 - หนังสือค้ำประกัน,4 - หนังสือประกันกระทรวงการคลัง,286061 - หนังสือประกันกระทรวงคงคลัง,0,,,,,,,,611,611,,,ต้องไม่สามารถทำรายการได้
211,,611,สาขาแม่สูน,(203) อสย.,(random),,,13 - หนังสือค้ำประกัน,3 - กองทุนบำเหน็ดตกทอด,286061 - กองทุนบำเหน็ดตกทอด,0,,,,,,,,611,611,,,ต้องไม่สามารถทำรายการได้
212,,611,สาขาแม่สูน,(203) อสย.,(random),,,13 - หนังสือค้ำประกัน,4 - หนังสือประกันกระทรวงการคลัง,286061 - หนังสือประกันกระทรวงคงคลัง,0,,,,,,,,611,611,,,
213,,611,สาขาแม่สูน,(203) อสย.,(random),,,13 - หนังสือค้ำประกัน,4 - หนังสือประกันกระทรวงการคลัง,286061 - หนังสือประกันกระทรวงคงคลัง,0,,,,,,,,611,611,,,
214,,611,สาขาแม่สูน,(603) เกษตรกร,(random),,,14 - สลาก,0,286023 - สลาก,0,,,,,,,,611,611,,,
215,,611,สาขาแม่สูน,(603) เกษตรกร,(random),,,14 - สลาก,0,286023 - สลาก,0,,,,,,,,611,611,,,
216,,611,สาขาแม่สูน,(603) เกษตรกร,(random),,,14 - สลาก,0,286023 - สลาก,0,,,,,,,,611,611,,,
217,,611,สาขาแม่สูน,(600) บุคคลธรรมดา,(random),,,14 - สลาก,0,286023 - สลาก,0,,,,,,,,611,611,,,
218,,611,สาขาแม่สูน,(600) บุคคลธรรมดา,(random),,,14 - สลาก,0,286023 - สลาก,0,,,,,,,,611,611,,,
219,,611,สาขาแม่สูน,(600) บุคคลธรรมดา,(random),,,14 - สลาก,0,286023 - สลาก,0,,,,,,,,611,611,,,
220,,611,สาขาแม่สูน,(500) นิติบุคคล,(random),,,14 - สลาก,0,286023 - สลาก,0,,,,,,,,611,611,,,
221,,611,สาขาแม่สูน,(500) นิติบุคคล,(random),,,14 - สลาก,0,286023 - สลาก,0,,,,,,,,611,611,,,
222,,611,สาขาแม่สูน,(500) นิติบุคคล,(random),,,14 - สลาก,0,286023 - สลาก,0,,,,,,,,611,611,,,
223,,611,สาขาแม่สูน,(704) สหกรณ์ร้านค้า,(random),,,14 - สลาก,0,286023 - สลาก,0,,,,,,,,611,611,,,
224,,611,สาขาแม่สูน,(704) สหกรณ์ร้านค้า,(random),,,14 - สลาก,0,286023 - สลาก,0,,,,,,,,611,611,,,
225,,611,สาขาแม่สูน,(704) สหกรณ์ร้านค้า,(random),,,14 - สลาก,0,286023 - สลาก,0,,,,,,,,611,611,,,
226,,611,สาขาแม่สูน,(707) สหกรณ์การเกษตร,(random),,,14 - สลาก,0,286023 - สลาก,0,,,,,,,,611,611,,,
227,,611,สาขาแม่สูน,(707) สหกรณ์การเกษตร,(random),,,14 - สลาก,0,286023 - สลาก,0,,,,,,,,611,611,,,
228,,611,สาขาแม่สูน,(707) สหกรณ์การเกษตร,(random),,,14 - สลาก,0,286023 - สลาก,0,,,,,,,,611,611,,,
229,,611,สาขาแม่สูน,(603) เกษตรกร,B,,,17 - อสังหาริมทรัพย์อื่นๆ,1,286008 (5) - โฉนดสปก.,5 - โฉนด สปก.,,,,,,ผู้กู้,,611,611,,,
230,,611,สาขาแม่สูน,(603) เกษตรกร,A,,,17 - อสังหาริมทรัพย์อื่นๆ,1,286008 (5) - โฉนดสปก.,5 - โฉนด สปก.,,,,,,ผู้กู้,,611,611,,,
231,,611,สาขาแม่สูน,(603) เกษตรกร,AA,,,17 - อสังหาริมทรัพย์อื่นๆ,1,286008 (5) - โฉนดสปก.,5 - โฉนด สปก.,,,,,,ผู้กู้,,611,611,,,
232,,611,สาขาแม่สูน,(603) เกษตรกร,AAA,,,17 - อสังหาริมทรัพย์อื่นๆ,1,286008 (5) - โฉนดสปก.,5 - โฉนด สปก.,,,,,,ผู้กู้,,611,611,,,
233,,611,สาขาแม่สูน,(603) เกษตรกร,AAA+,,,17 - อสังหาริมทรัพย์อื่นๆ,1,286008 (5) - โฉนดสปก.,5 - โฉนด สปก.,,,,,,ผู้กู้,,611,611,,,
234,,611,สาขาแม่สูน,(603) เกษตรกร,B,,,17 - อสังหาริมทรัพย์อื่นๆ,1,286008 (5) - โฉนดสปก.,5 - โฉนด สปก.,,,,,,คู่สมรสของผู้กู้,,611,611,,,
235,,611,สาขาแม่สูน,(603) เกษตรกร,A,,,17 - อสังหาริมทรัพย์อื่นๆ,1,286008 (5) - โฉนดสปก.,5 - โฉนด สปก.,,,,,,คู่สมรสของผู้กู้,,611,611,,,
236,,611,สาขาแม่สูน,(603) เกษตรกร,AA,,,17 - อสังหาริมทรัพย์อื่นๆ,1,286008 (5) - โฉนดสปก.,5 - โฉนด สปก.,,,,,,คู่สมรสของผู้กู้,,611,611,,,
237,,611,สาขาแม่สูน,(603) เกษตรกร,AAA,,,17 - อสังหาริมทรัพย์อื่นๆ,1,286008 (5) - โฉนดสปก.,5 - โฉนด สปก.,,,,,,คู่สมรสของผู้กู้,,611,611,,,
238,,611,สาขาแม่สูน,(603) เกษตรกร,AAA+,,,17 - อสังหาริมทรัพย์อื่นๆ,1,286008 (5) - โฉนดสปก.,5 - โฉนด สปก.,,,,,,คู่สมรสของผู้กู้,,611,611,,,
239,,611,สาขาแม่สูน,(603) เกษตรกร,B,,,17 - อสังหาริมทรัพย์อื่นๆ,1,286008 (19) - โฉนดสปก. 4-168,19 - ส.ป.ก. 4-168 โฉนดเพื่อการเกษตร,,,,,,,,611,611,,,
240,,611,สาขาแม่สูน,(603) เกษตรกร,A,,,17 - อสังหาริมทรัพย์อื่นๆ,1,286008 (19) - โฉนดสปก. 4-168,19 - ส.ป.ก. 4-168 โฉนดเพื่อการเกษตร,,,,,,,,611,611,,,
241,,611,สาขาแม่สูน,(603) เกษตรกร,AA,,,17 - อสังหาริมทรัพย์อื่นๆ,1,286008 (19) - โฉนดสปก. 4-168,19 - ส.ป.ก. 4-168 โฉนดเพื่อการเกษตร,,,,,,,,611,611,,,
242,,611,สาขาแม่สูน,(603) เกษตรกร,AAA,,,17 - อสังหาริมทรัพย์อื่นๆ,1,286008 (19) - โฉนดสปก. 4-168,19 - ส.ป.ก. 4-168 โฉนดเพื่อการเกษตร,,,,,,,,611,611,,,
243,,611,สาขาแม่สูน,(603) เกษตรกร,AAA+,,,17 - อสังหาริมทรัพย์อื่นๆ,1,286008 (19) - โฉนดสปก. 4-168,19 - ส.ป.ก. 4-168 โฉนดเพื่อการเกษตร,,,,,,,,611,611,,,
244,,611,สาขาแม่สูน,(707) สหกรณ์การเกษตร,(random),,,17 - อสังหาริมทรัพย์อื่นๆ,1,286008 (5) - โฉนดสปก.,5 - โฉนด สปก.,,,,,,,,611,611,,,
245,,611,สาขาแม่สูน,(707) สหกรณ์การเกษตร,(random),,,17 - อสังหาริมทรัพย์อื่นๆ,1,286008 (19) - โฉนดสปก. 4-168,19 - ส.ป.ก. 4-168 โฉนดเพื่อการเกษตร,,,,,,,,611,611,,,
246,,611,สาขาแม่สูน,(708) สกต.,(random),,,17 - อสังหาริมทรัพย์อื่นๆ,1,286008 (5) - โฉนดสปก.,5 - โฉนด สปก.,,,,,,,,611,611,,,
247,,611,สาขาแม่สูน,(708) สกต.,(random),,,17 - อสังหาริมทรัพย์อื่นๆ,1,286008 (19) - โฉนดสปก. 4-169,19 - ส.ป.ก. 4-168 โฉนดเพื่อการเกษตร,,,,,,,,611,611,,,
248,,611,สาขาแม่สูน,(709) กลุ่มเกษตรกร,(random),,,17 - อสังหาริมทรัพย์อื่นๆ,1,286008 (5) - โฉนดสปก.,5 - โฉนด สปก.,,,,,,,,611,611,,,
249,,611,สาขาแม่สูน,(709) กลุ่มเกษตรกร,(random),,,17 - อสังหาริมทรัพย์อื่นๆ,1,286008 (19) - โฉนดสปก. 4-170,19 - ส.ป.ก. 4-168 โฉนดเพื่อการเกษตร,,,,,,,,611,611,,,
250,,611,สาขาแม่สูน,(603) เกษตรกร,(random),,,99 - อื่นๆ,0,286214 (1) - สินค้าคงคลัง ข้าว,0,,,,,,,,611,611,,,
251,,611,สาขาแม่สูน,(603) เกษตรกร,(random),,,99 - อื่นๆ,0,286214 (2) - สินค้าคงคลัง มันสำปะหลัง,0,,,,,,,,611,611,,,
252,,611,สาขาแม่สูน,(603) เกษตรกร,(random),,,99 - อื่นๆ,0,286214 (3) - สินค้าคงคลัง ข้าวโพด,0,,,,,,,,611,611,,,
253,,611,สาขาแม่สูน,(603) เกษตรกร,(random),,,99 - อื่นๆ,0,286214 (4) - สินค้าคงคลัง ปาล์มน้ำมัน,0,,,,,,,,611,611,,,
254,,611,สาขาแม่สูน,(603) เกษตรกร,(random),,,99 - อื่นๆ,0,286214 (5) - สินค้าคงคลัง ยางพารา (น้ำยางข้น),0,,,,,,,,611,611,,,
255,,611,สาขาแม่สูน,(603) เกษตรกร,(random),,,99 - อื่นๆ,0,286214 (6) - สินค้าคงคลัง ยางพารา (ยางแท่ง),0,,,,,,,,611,611,,,
256,,611,สาขาแม่สูน,(603) เกษตรกร,(random),,,99 - อื่นๆ,0,286214 (7) - สินค้าคงคลัง ยางแผ่นรมควัน,0,,,,,,,,611,611,,,
257,,611,สาขาแม่สูน,(603) เกษตรกร,(random),,,99 - อื่นๆ,0,286214 (8) - สินค้าคงคลัง ลำไยอบแห้ง,0,,,,,,,,611,611,,,
258,,611,สาขาแม่สูน,(603) เกษตรกร,(random),,,99 - อื่นๆ,0,286214 (9) - สินค้าคงคลัง ถั่วเหลือง,0,,,,,,,,611,611,,,
259,,611,สาขาแม่สูน,(603) เกษตรกร,(random),,,99 - อื่นๆ,0,286214 (99) - สินค้าคงคลัง สินค้าอื่นๆ,0,,,,,,,,611,611,,,
260,,611,สาขาแม่สูน,(600) บุคคลธรรมดา,(random),,,99 - อื่นๆ,0,286214 (1) - สินค้าคงคลัง ข้าว,0,,,,,,,,611,611,,,
261,,611,สาขาแม่สูน,(600) บุคคลธรรมดา,(random),,,99 - อื่นๆ,0,286214 (2) - สินค้าคงคลัง มันสำปะหลัง,0,,,,,,,,611,611,,,
262,,611,สาขาแม่สูน,(600) บุคคลธรรมดา,(random),,,99 - อื่นๆ,0,286214 (3) - สินค้าคงคลัง ข้าวโพด,0,,,,,,,,611,611,,,
263,,611,สาขาแม่สูน,(600) บุคคลธรรมดา,(random),,,99 - อื่นๆ,0,286214 (4) - สินค้าคงคลัง ปาล์มน้ำมัน,0,,,,,,,,611,611,,,
264,,611,สาขาแม่สูน,(600) บุคคลธรรมดา,(random),,,99 - อื่นๆ,0,286214 (5) - สินค้าคงคลัง ยางพารา (น้ำยางข้น),0,,,,,,,,611,611,,,
265,,611,สาขาแม่สูน,(600) บุคคลธรรมดา,(random),,,99 - อื่นๆ,0,286214 (6) - สินค้าคงคลัง ยางพารา (ยางแท่ง),0,,,,,,,,611,611,,,
266,,611,สาขาแม่สูน,(600) บุคคลธรรมดา,(random),,,99 - อื่นๆ,0,286214 (7) - สินค้าคงคลัง ยางแผ่นรมควัน,0,,,,,,,,611,611,,,
267,,611,สาขาแม่สูน,(600) บุคคลธรรมดา,(random),,,99 - อื่นๆ,0,286214 (8) - สินค้าคงคลัง ลำไยอบแห้ง,0,,,,,,,,611,611,,,
268,,611,สาขาแม่สูน,(600) บุคคลธรรมดา,(random),,,99 - อื่นๆ,0,286214 (9) - สินค้าคงคลัง ถั่วเหลือง,0,,,,,,,,611,611,,,
269,,611,สาขาแม่สูน,(600) บุคคลธรรมดา,(random),,,99 - อื่นๆ,0,286214 (99) - สินค้าคงคลัง สินค้าอื่นๆ,0,,,,,,,,611,611,,,
270,,611,สาขาแม่สูน,(500) นิติบุคคล,(random),,,99 - อื่นๆ,0,286214 (1) - สินค้าคงคลัง ข้าว,0,,,,,,,,611,611,,,
271,,611,สาขาแม่สูน,(500) นิติบุคคล,(random),,,99 - อื่นๆ,0,286214 (2) - สินค้าคงคลัง มันสำปะหลัง,0,,,,,,,,611,611,,,
272,,611,สาขาแม่สูน,(500) นิติบุคคล,(random),,,99 - อื่นๆ,0,286214 (3) - สินค้าคงคลัง ข้าวโพด,0,,,,,,,,611,611,,,
273,,611,สาขาแม่สูน,(500) นิติบุคคล,(random),,,99 - อื่นๆ,0,286214 (4) - สินค้าคงคลัง ปาล์มน้ำมัน,0,,,,,,,,611,611,,,
274,,611,สาขาแม่สูน,(500) นิติบุคคล,(random),,,99 - อื่นๆ,0,286214 (5) - สินค้าคงคลัง ยางพารา (น้ำยางข้น),0,,,,,,,,611,611,,,
275,,611,สาขาแม่สูน,(500) นิติบุคคล,(random),,,99 - อื่นๆ,0,286214 (6) - สินค้าคงคลัง ยางพารา (ยางแท่ง),0,,,,,,,,611,611,,,
276,,611,สาขาแม่สูน,(500) นิติบุคคล,(random),,,99 - อื่นๆ,0,286214 (7) - สินค้าคงคลัง ยางแผ่นรมควัน,0,,,,,,,,611,611,,,
277,,611,สาขาแม่สูน,(500) นิติบุคคล,(random),,,99 - อื่นๆ,0,286214 (8) - สินค้าคงคลัง ลำไยอบแห้ง,0,,,,,,,,611,611,,,
278,,611,สาขาแม่สูน,(500) นิติบุคคล,(random),,,99 - อื่นๆ,0,286214 (9) - สินค้าคงคลัง ถั่วเหลือง,0,,,,,,,,611,611,,,
279,,611,สาขาแม่สูน,(500) นิติบุคคล,(random),,,99 - อื่นๆ,0,286214 (99) - สินค้าคงคลัง สินค้าอื่นๆ,0,,,,,,,,611,611,,,
280,,611,สาขาแม่สูน,(707) สหกรณ์การเกษตร,(random),,,99 - อื่นๆ,0,286214 (1) - สินค้าคงคลัง ข้าว,0,,,,,,,,611,611,,,
281,,611,สาขาแม่สูน,(707) สหกรณ์การเกษตร,(random),,,99 - อื่นๆ,0,286214 (2) - สินค้าคงคลัง มันสำปะหลัง,0,,,,,,,,611,611,,,
282,,611,สาขาแม่สูน,(707) สหกรณ์การเกษตร,(random),,,99 - อื่นๆ,0,286214 (3) - สินค้าคงคลัง ข้าวโพด,0,,,,,,,,611,611,,,
283,,611,สาขาแม่สูน,(707) สหกรณ์การเกษตร,(random),,,99 - อื่นๆ,0,286214 (4) - สินค้าคงคลัง ปาล์มน้ำมัน,0,,,,,,,,611,611,,,
284,,611,สาขาแม่สูน,(707) สหกรณ์การเกษตร,(random),,,99 - อื่นๆ,0,286214 (5) - สินค้าคงคลัง ยางพารา (น้ำยางข้น),0,,,,,,,,611,611,,,
285,,611,สาขาแม่สูน,(707) สหกรณ์การเกษตร,(random),,,99 - อื่นๆ,0,286214 (6) - สินค้าคงคลัง ยางพารา (ยางแท่ง),0,,,,,,,,611,611,,,
286,,611,สาขาแม่สูน,(707) สหกรณ์การเกษตร,(random),,,99 - อื่นๆ,0,286214 (7) - สินค้าคงคลัง ยางแผ่นรมควัน,0,,,,,,,,611,611,,,
287,,611,สาขาแม่สูน,(707) สหกรณ์การเกษตร,(random),,,99 - อื่นๆ,0,286214 (8) - สินค้าคงคลัง ลำไยอบแห้ง,0,,,,,,,,611,611,,,
288,,611,สาขาแม่สูน,(707) สหกรณ์การเกษตร,(random),,,99 - อื่นๆ,0,286214 (9) - สินค้าคงคลัง ถั่วเหลือง,0,,,,,,,,611,611,,,
289,,611,สาขาแม่สูน,(707) สหกรณ์การเกษตร,(random),,,99 - อื่นๆ,0,286214 (99) - สินค้าคงคลัง สินค้าอื่นๆ,0,,,,,,,,611,611,,,
290,,611,สาขาแม่สูน,(603) เกษตรกร,(random),,,99 - อื่นๆ,0,286039  - เรือประมง,0,,,,,,,,611,611,,,
291,,611,สาขาแม่สูน,(603) เกษตรกร,(random),,,99 - อื่นๆ,0,286039  - เรือประมง,0,,,,,,,,611,611,,,
292,,611,สาขาแม่สูน,(603) เกษตรกร,(random),,,99 - อื่นๆ,0,286039  - เรือประมง,0,,,,,,,,611,611,,,
293,,611,สาขาแม่สูน,(603) เกษตรกร,(random),,,99 - อื่นๆ,0,286039  - เรือประมง,0,,,,,,,,611,611,,,
294,,611,สาขาแม่สูน,(500) นิติบุคคล,(random),,,99 - อื่นๆ,0,286039  - เรือประมง,0,,,,,,,,611,611,,,
295,,611,สาขาแม่สูน,(500) นิติบุคคล,(random),,,99 - อื่นๆ,0,286039  - เรือประมง,0,,,,,,,,611,611,,,
296,,611,สาขาแม่สูน,(500) นิติบุคคล,(random),,,99 - อื่นๆ,0,286039  - เรือประมง,0,,,,,,,,611,611,,,
297,,611,สาขาแม่สูน,(500) นิติบุคคล,(random),,,99 - อื่นๆ,0,286039  - เรือประมง,0,,,,,,,,611,611,,,
298,,611,สาขาแม่สูน,(704) สหกรณ์ร้านค้า,(random),,,99 - อื่นๆ,0,286039  - เรือประมง,0,,,,,,,,611,611,,,
299,,611,สาขาแม่สูน,(704) สหกรณ์ร้านค้า,(random),,,99 - อื่นๆ,0,286039  - เรือประมง,0,,,,,,,,611,611,,,
300,,611,สาขาแม่สูน,(704) สหกรณ์ร้านค้า,(random),,,99 - อื่นๆ,0,286039  - เรือประมง,0,,,,,,,,611,611,,,
301,,611,สาขาแม่สูน,(704) สหกรณ์ร้านค้า,(random),,,99 - อื่นๆ,0,286039  - เรือประมง,0,,,,,,,,611,611,,,
302,,611,สาขาแม่สูน,(707) สหกรณ์การเกษตร,(random),,,99 - อื่นๆ,0,286039  - เรือประมง,0,,,,,,,,611,611,,,
303,,611,สาขาแม่สูน,(707) สหกรณ์การเกษตร,(random),,,99 - อื่นๆ,0,286039  - เรือประมง,0,,,,,,,,611,611,,,
304,,611,สาขาแม่สูน,(707) สหกรณ์การเกษตร,(random),,,99 - อื่นๆ,0,286039  - เรือประมง,0,,,,,,,,611,611,,,
305,,611,สาขาแม่สูน,(707) สหกรณ์การเกษตร,(random),,,99 - อื่นๆ,0,286039  - เรือประมง,0,,,,,,,,611,611,,,
,,,,4.ลูกค้าสถาบัน > ประกอบด้วย,,,,,,,,,,,,,,,,,,,
103	กทม/พัทยา,,,,,,,,,,,,,,,,,,,,,,,
201	อคส.,,,,,,,,,,,,,,,,,,,,,,,
202	อตก.,,,,,,,,,,,,,,,,,,,,,,,
203	อสย.,,,,,,,,,,,,,,,,,,,,,,,
300	เทศบาล,,,,,,,,,,,,,,,,,,,,,,,
301	อบต.,,,,,,,,,,,,,,,,,,,,,,,
704	สหกรณ์ร้านค้า,,,,,,,,,,,,,,,,,,,,,,,
705	สหกรณ์บริการ,,,,,,,,,,,,,,,,,,,,,,,
706	สหกรณ์เครดิตยูเนี่ยน,,,,,,,,,,,,,,,,,,,,,,,
707	สหกรณ์การเกษตร,,,,,,,,,,,,,,,,,,,,,,,
708	สกต.,,,,,,,,,,,,,,,,,,,,,,,
709	กลุ่มเกษตรกร,,,,,,,,,,,,,,,,,,,,,,,
710	สหกรณ์ออมทรัพย์/ชุมนุมสหกรณ์ออมทรัพย์,,,,,,,,,,,,,,,,,,,,,,,
701	กลุ่มไม่เป็นทางการ,,,,,,,,,,,,,,,,,,,,,,,
711	กองทุนหมู่บ้าน,,,,,,,,,,,,,,,,,,,,,,,
712	วิสาหกิจชุมชน,,,,,,,,,,,,,,,,,,,,,,,
714	สถาบันการเงินชุมชน,,,,,,,,,,,,,,,,,,,,,,,
411	สถาบันการเงินประชาชน,,,,,,,,,,,,,,,,,,,,,,,
",,,2. สิ่งปลูกสร้าง,,,,,,,,,,,,,,,,,,,,,,,,,,,,,,,,,,,,,,,,,,,,,,,,,,,,,,,,,,,,,,,,,,,,,,,,,,,,,,,,,,,,,,,,,,,,,,,,,,,,,,,,,,,,,,,,,,,,,,,,,,,,,,,,,,,,,,,,,,,",,,,,,,,,,,,,,,,,,,,,,,
,,,,,,,,,,,,,,,,,,,,,,,
,2.สิ่งปลูกสร้าง-ไม้ยืนต้น,,,,,,,,,,,,,,,,,,,,,,
,,,,1. ลูกค้าเกษตรกร (603),,,2.สิ่งปลูกสร้าง-ไม้ยืนต้น,,,,,,,,,,,,,,,,
,,,,,,,,,,,,,,,,,,,,,,,
,,,,,,,,,,,,,,,,,,,,,,,
,,,,2. ลูกค้าบุคคล (600),,,2.สิ่งปลูกสร้าง-ไม้ยืนต้น,,,,,,,,,,,,,,,,
,,,,,,,,,,,,,,,,,,,,,,,
,,,,,,,,,,,,,,,,,,,,,,,
,,,,3. ผู้ประกอบการ(นิติบุคคล) (500),,,2.สิ่งปลูกสร้าง-ไม้ยืนต้น,,,,,,,,,,,,,,,,
,,,,,,,,,,,,,,,,,,,,,,,
,,,,,,,,,,,,,,,,,,,,,,,
,,,,,,,,,,,,,,,,,,,,,,,
,,,,,,,,,,,,,,,,,,,,,,,
,3. เครื่องจักร,,,,,,,,,,,,,,,,,,,,,,
,,,,1. ลูกค้าเกษตรกร (603),,,3. เครื่องจักร,,,,,,,,,,,,,,,,
,,,,,,,,,,,,,,,,,,,,,,,
,,,,,,,,,,,,,,,,,,,,,,,
,,,,,,,,,,,,,,,,,,,,,,,
,,,,,,,,,,,,,,,,,,,,,,,
,,,,2. ลูกค้าบุคคล (600),,,3. เครื่องจักร,,,,,,,,,,,,,,,,
,,,,,,,,,,,,,,,,,,,,,,,
,,,,,,,,,,,,,,,,,,,,,,,
,,,,,,,,,,,,,,,,,,,,,,,
,,,,3. ผู้ประกอบการ(นิติบุคคล) (500),,,3. เครื่องจักร,,,,,,,,,,,,,,,,
,,,,,,,,,,,,,,,,,,,,,,,
,,,,,,,,,,,,,,,,,,,,,,,
,,,,,,,,,,,,,,,,,,,,,,,
,,,,4.ลูกค้าสถาบัน > ประกอบด้วย,,,,,,,,,,,,,,,,,,,
103	กทม/พัทยา,,,,,,,,,,,,,,,,,,,,,,,
201	อคส.,,,,,,,,,,,,,,,,,,,,,,,
202	อตก.,,,,,,,,,,,,,,,,,,,,,,,
203	อสย.,,,,,,,,,,,,,,,,,,,,,,,
300	เทศบาล,,,,,,,,,,,,,,,,,,,,,,,
301	อบต.,,,,,,,,,,,,,,,,,,,,,,,
704	สหกรณ์ร้านค้า,,,,,,,,,,,,,,,,,,,,,,,
705	สหกรณ์บริการ,,,,,,,,,,,,,,,,,,,,,,,
706	สหกรณ์เครดิตยูเนี่ยน,,,,,,,,,,,,,,,,,,,,,,,
707	สหกรณ์การเกษตร,,,,,,,,,,,,,,,,,,,,,,,
708	สกต.,,,,,,,,,,,,,,,,,,,,,,,
709	กลุ่มเกษตรกร,,,,,,,,,,,,,,,,,,,,,,,
710	สหกรณ์ออมทรัพย์/ชุมนุมสหกรณ์ออมทรัพย์,,,,,,,,,,,,,,,,,,,,,,,
701	กลุ่มไม่เป็นทางการ,,,,,,,,,,,,,,,,,,,,,,,
711	กองทุนหมู่บ้าน,,,,,,,,,,,,,,,,,,,,,,,
712	วิสาหกิจชุมชน,,,,,,,,,,,,,,,,,,,,,,,
714	สถาบันการเงินชุมชน,,,,,,,,,,,,,,,,,,,,,,,
"411	สถาบันการเงินประชาชน,,,3. เครื่องจักร,,,,,,,,,,,,,,,,,,,,,,,,,,,,,,,,,,,,,,,,,,,,,,,,,,,,,,,,,,,,,,,,,,,,,,,,,,,,,,,,,,,,,,,,,,,,,,,,,,,,,,,,,,,,,,,,,,,,,,,,,,,,,,,,,,,,,,,,,,,",,,,,,,,,,,,,,,,,,,,,,,
,,,,,,,,,,,,,,,,,,,,,,,
,,,,,,,,,,,,,,,,,,,,,,,
,4.บัญชีเงินฝาก,,,,,,,,,,,,,,,,,,,,,,
,,,,1. ลูกค้าเกษตรกร (603),,,4.บัญชีเงินฝาก,,,,,,,,,,,,,,,,
,,,,,,,,,,,,,,,,,,,,,,,
,,,,,,,,,,,,,,,,,,,,,,,
,,,,,,,,,,,,,,,,,,,,,,,
,,,,,,,,,,,,,,,,,,,,,,,
,,,,2. ลูกค้าบุคคล (600),,,4.บัญชีเงินฝาก,,,,,,,,,,,,,,,,
,,,,,,,,,,,,,,,,,,,,,,,
,,,,,,,,,,,,,,,,,,,,,,,
,,,,,,,,,,,,,,,,,,,,,,,
,,,,,,,,,,,,,,,,,,,,,,,
,,,,3. ผู้ประกอบการ(นิติบุคคล) (500),,,4.บัญชีเงินฝาก,,,,,,,,,,,,,,,,
,,,,,,,,,,,,,,,,,,,,,,,
,,,,,,,,,,,,,,,,,,,,,,,
,,,,,,,,,,,,,,,,,,,,,,,
,,,,,,,,,,,,,,,,,,,,,,,
,,,,4.ลูกค้าสถาบัน > ประกอบด้วย,,,,,,,,,,,,,,,,,,,
103	กทม/พัทยา,,,,,,,,,,,,,,,,,,,,,,,
201	อคส.,,,,,,,,,,,,,,,,,,,,,,,
202	อตก.,,,,,,,,,,,,,,,,,,,,,,,
203	อสย.,,,,,,,,,,,,,,,,,,,,,,,
300	เทศบาล,,,,,,,,,,,,,,,,,,,,,,,
301	อบต.,,,,,,,,,,,,,,,,,,,,,,,
704	สหกรณ์ร้านค้า,,,,,,,,,,,,,,,,,,,,,,,
705	สหกรณ์บริการ,,,,,,,,,,,,,,,,,,,,,,,
706	สหกรณ์เครดิตยูเนี่ยน,,,,,,,,,,,,,,,,,,,,,,,
707	สหกรณ์การเกษตร,,,,,,,,,,,,,,,,,,,,,,,
708	สกต.,,,,,,,,,,,,,,,,,,,,,,,
709	กลุ่มเกษตรกร,,,,,,,,,,,,,,,,,,,,,,,
710	สหกรณ์ออมทรัพย์/ชุมนุมสหกรณ์ออมทรัพย์,,,,,,,,,,,,,,,,,,,,,,,
701	กลุ่มไม่เป็นทางการ,,,,,,,,,,,,,,,,,,,,,,,
711	กองทุนหมู่บ้าน,,,,,,,,,,,,,,,,,,,,,,,
712	วิสาหกิจชุมชน,,,,,,,,,,,,,,,,,,,,,,,
714	สถาบันการเงินชุมชน,,,,,,,,,,,,,,,,,,,,,,,
411	สถาบันการเงินประชาชน,,,,,,,,,,,,,,,,,,,,,,,
",,,4.บัญชีเงินฝาก,,,,,,,,,,,,,,,,,,,,,,,,,,,,,,,,,,,,,,,,,,,,,,,,,,,,,,,,,,,,,,,,,,,,,,,,,,,,,,,,,,,,,,,,,,,,,,,,,,,,,,,,,,,,,,,,,,,,,,,,,,,,,,,,,,,,,,,,,,,",,,,,,,,,,,,,,,,,,,,,,,
,,,,,,,,,,,,,,,,,,,,,,,
,,,,,,,,,,,,,,,,,,,,,,,
,,,,,,,,,,,,,,,,,,,,,,,
,5.พันธบัตร,,,1. ลูกค้าเกษตรกร (603),,,5.พันธบัตร,,,,,,,,,,,,,,,,
,,,,,,,,,,,,,,,,,,,,,,,
,,,,,,,,,,,,,,,,,,,,,,,
,,,,,,,,,,,,,,,,,,,,,,,
,,,,,,,,,,,,,,,,,,,,,,,
,,,,2. ลูกค้าบุคคล (600),,,5.พันธบัตร,,,,,,,,,,,,,,,,
,,,,,,,,,,,,,,,,,,,,,,,
,,,,,,,,,,,,,,,,,,,,,,,
,,,,,,,,,,,,,,,,,,,,,,,
,,,,,,,,,,,,,,,,,,,,,,,
,,,,3. ผู้ประกอบการ(นิติบุคคล) (500),,,5.พันธบัตร,,,,,,,,,,,,,,,,
,,,,,,,,,,,,,,,,,,,,,,,
,,,,,,,,,,,,,,,,,,,,,,,
,,,,,,,,,,,,,,,,,,,,,,,
,,,,,,,,,,,,,,,,,,,,,,,
,,,,4.ลูกค้าสถาบัน > ประกอบด้วย,,,,,,,,,,,,,,,,,,,
103	กทม/พัทยา,,,,,,,,,,,,,,,,,,,,,,,
201	อคส.,,,,,,,,,,,,,,,,,,,,,,,
202	อตก.,,,,,,,,,,,,,,,,,,,,,,,
203	อสย.,,,,,,,,,,,,,,,,,,,,,,,
300	เทศบาล,,,,,,,,,,,,,,,,,,,,,,,
301	อบต.,,,,,,,,,,,,,,,,,,,,,,,
704	สหกรณ์ร้านค้า,,,,,,,,,,,,,,,,,,,,,,,
705	สหกรณ์บริการ,,,,,,,,,,,,,,,,,,,,,,,
706	สหกรณ์เครดิตยูเนี่ยน,,,,,,,,,,,,,,,,,,,,,,,
707	สหกรณ์การเกษตร,,,,,,,,,,,,,,,,,,,,,,,
708	สกต.,,,,,,,,,,,,,,,,,,,,,,,
709	กลุ่มเกษตรกร,,,,,,,,,,,,,,,,,,,,,,,
710	สหกรณ์ออมทรัพย์/ชุมนุมสหกรณ์ออมทรัพย์,,,,,,,,,,,,,,,,,,,,,,,
701	กลุ่มไม่เป็นทางการ,,,,,,,,,,,,,,,,,,,,,,,
711	กองทุนหมู่บ้าน,,,,,,,,,,,,,,,,,,,,,,,
712	วิสาหกิจชุมชน,,,,,,,,,,,,,,,,,,,,,,,
714	สถาบันการเงินชุมชน,,,,,,,,,,,,,,,,,,,,,,,
411	สถาบันการเงินประชาชน,,,,,,,,,,,,,,,,,,,,,,,
",,,5.พันธบัตร,,,,,,,,,,,,,,,,,,,,,,,,,,,,,,,,,,,,,,,,,,,,,,,,,,,,,,,,,,,,,,,,,,,,,,,,,,,,,,,,,,,,,,,,,,,,,,,,,,,,,,,,,,,,,,,,,,,,,,,,,,,,,,,,,,,,,,,,,,,",,,,,,,,,,,,,,,,,,,,,,,
,,,,,,,,,,,,,,,,,,,,,,,
,,,,,,,,,,,,,,,,,,,,,,,
,8.คอนโด-ห้องชุด,,,,,,,,,,,,,,,,,,,,,,
,,,,1. ลูกค้าเกษตรกร (603),,,8.คอนโด-ห้องชุด,,,,,,,,,,,,,,,,
,,,,,,,,,,,,,,,,,,,,,,,
,,,,,,,,,,,,,,,,,,,,,,,
,,,,,,,,,,,,,,,,,,,,,,,
,,,,,,,,,,,,,,,,,,,,,,,
,,,,2. ลูกค้าบุคคล (600),,,8.คอนโด-ห้องชุด,,,,,,,,,,,,,,,,
,,,,,,,,,,,,,,,,,,,,,,,
,,,,,,,,,,,,,,,,,,,,,,,
,,,,,,,,,,,,,,,,,,,,,,,
,,,,,,,,,,,,,,,,,,,,,,,
,,,,3. ผู้ประกอบการ(นิติบุคคล) (500),,,8.คอนโด-ห้องชุด,,,,,,,,,,,,,,,,
,,,,,,,,,,,,,,,,,,,,,,,
,,,,,,,,,,,,,,,,,,,,,,,
,,,,,,,,,,,,,,,,,,,,,,,
,,,,,,,,,,,,,,,,,,,,,,,
,,,,4.ลูกค้าสถาบัน > ประกอบด้วย,,,,,,,,,,,,,,,,,,,
103	กทม/พัทยา,,,,,,,,,,,,,,,,,,,,,,,
201	อคส.,,,,,,,,,,,,,,,,,,,,,,,
202	อตก.,,,,,,,,,,,,,,,,,,,,,,,
203	อสย.,,,,,,,,,,,,,,,,,,,,,,,
300	เทศบาล,,,,,,,,,,,,,,,,,,,,,,,
301	อบต.,,,,,,,,,,,,,,,,,,,,,,,
704	สหกรณ์ร้านค้า,,,,,,,,,,,,,,,,,,,,,,,
705	สหกรณ์บริการ,,,,,,,,,,,,,,,,,,,,,,,
706	สหกรณ์เครดิตยูเนี่ยน,,,,,,,,,,,,,,,,,,,,,,,
707	สหกรณ์การเกษตร,,,,,,,,,,,,,,,,,,,,,,,
708	สกต.,,,,,,,,,,,,,,,,,,,,,,,
709	กลุ่มเกษตรกร,,,,,,,,,,,,,,,,,,,,,,,
710	สหกรณ์ออมทรัพย์/ชุมนุมสหกรณ์ออมทรัพย์,,,,,,,,,,,,,,,,,,,,,,,
701	กลุ่มไม่เป็นทางการ,,,,,,,,,,,,,,,,,,,,,,,
711	กองทุนหมู่บ้าน,,,,,,,,,,,,,,,,,,,,,,,
712	วิสาหกิจชุมชน,,,,,,,,,,,,,,,,,,,,,,,
714	สถาบันการเงินชุมชน,,,,,,,,,,,,,,,,,,,,,,,
411	สถาบันการเงินประชาชน,,,,,,,,,,,,,,,,,,,,,,,
",,,8.คอนโด-ห้องชุด,,,,,,,,,,,,,,,,,,,,,,,,,,,,,,,,,,,,,,,,,,,,,,,,,,,,,,,,,,,,,,,,,,,,,,,,,,,,,,,,,,,,,,,,,,,,,,,,,,,,,,,,,,,,,,,,,,,,,,,,,,,,,,,,,,,,,,,,,,,",,,,,,,,,,,,,,,,,,,,,,,
,,,,,,,,,,,,,,,,,,,,,,,
,,,,,,,,,,,,,,,,,,,,,,,
,13 หนังสือค้ำประกัน - 1.บสย.,,,,,,,,,,,,,,,,,,,,,,
,,,,1. ลูกค้าเกษตรกร (603),,,13 หนังสือค้ำประกัน - 1.บสย.,,,,,,,,,,,,,,,,
,,,,,,,,,,,,,,,,,,,,,,,
,,,,,,,,,,,,,,,,,,,,,,,
,,,,,,,,,,,,,,,,,,,,,,,
,,,,,,,,,,,,,,,,,,,,,,,
,,,,2. ลูกค้าบุคคล (600),,,13 หนังสือค้ำประกัน - 1.บสย.,,,,,,,,,,,,,,,,
,,,,,,,,,,,,,,,,,,,,,,,
,,,,,,,,,,,,,,,,,,,,,,,
,,,,,,,,,,,,,,,,,,,,,,,
,,,,,,,,,,,,,,,,,,,,,,,
,,,,3. ผู้ประกอบการ(นิติบุคคล) (500),,,13 หนังสือค้ำประกัน - 1.บสย.,,,,,,,,,,,,,,,,
,,,,,,,,,,,,,,,,,,,,,,,
,,,,,,,,,,,,,,,,,,,,,,,
,,,,,,,,,,,,,,,,,,,,,,,
,,,,,,,,,,,,,,,,,,,,,,,
,,,,4.ลูกค้าสถาบัน > ประกอบด้วย,,,,,,,,,,,,,,,,,,,
103	กทม/พัทยา,,,,,,,,,,,,,,,,,,,,,,,
201	อคส.,,,,,,,,,,,,,,,,,,,,,,,
202	อตก.,,,,,,,,,,,,,,,,,,,,,,,
203	อสย.,,,,,,,,,,,,,,,,,,,,,,,
300	เทศบาล,,,,,,,,,,,,,,,,,,,,,,,
301	อบต.,,,,,,,,,,,,,,,,,,,,,,,
704	สหกรณ์ร้านค้า,,,,,,,,,,,,,,,,,,,,,,,
705	สหกรณ์บริการ,,,,,,,,,,,,,,,,,,,,,,,
706	สหกรณ์เครดิตยูเนี่ยน,,,,,,,,,,,,,,,,,,,,,,,
707	สหกรณ์การเกษตร,,,,,,,,,,,,,,,,,,,,,,,
708	สกต.,,,,,,,,,,,,,,,,,,,,,,,
709	กลุ่มเกษตรกร,,,,,,,,,,,,,,,,,,,,,,,
710	สหกรณ์ออมทรัพย์/ชุมนุมสหกรณ์ออมทรัพย์,,,,,,,,,,,,,,,,,,,,,,,
701	กลุ่มไม่เป็นทางการ,,,,,,,,,,,,,,,,,,,,,,,
711	กองทุนหมู่บ้าน,,,,,,,,,,,,,,,,,,,,,,,
712	วิสาหกิจชุมชน,,,,,,,,,,,,,,,,,,,,,,,
714	สถาบันการเงินชุมชน,,,,,,,,,,,,,,,,,,,,,,,
411	สถาบันการเงินประชาชน,,,,,,,,,,,,,,,,,,,,,,,
",,,13 หนังสือค้ำประกัน - 1.บสย.,,,,,,,,,,,,,,,,,,,,,,,,,,,,,,,,,,,,,,,,,,,,,,,,,,,,,,,,,,,,,,,,,,,,,,,,,,,,,,,,,,,,,,,,,,,,,,,,,,,,,,,,,,,,,,,,,,,,,,,,,,,,,,,,,,,,,,,,,,,",,,,,,,,,,,,,,,,,,,,,,,
,,,,,,,,,,,,,,,,,,,,,,,
,,,,,,,,,,,,,,,,,,,,,,,
,13 หนังสือค้ำประกัน - 2. กองทุนบำเหน็ดตกทอด (sub Type 3),,,,,,,,,,,,,,,,,,,,,,
,,,,1. ลูกค้าเกษตรกร (603),,,13 หนังสือค้ำประกัน - 2. กองทุนบำเหน็ดตกทอด (sub Type 3),,,,,,,,,,,,,,,,
,,,,,,,,,,,,,,,,,,,,,,,
,,,,,,,,,,,,,,,,,,,,,,,
,,,,,,,,,,,,,,,,,,,,,,,
,,,,,,,,,,,,,,,,,,,,,,,
,,,,2. ลูกค้าบุคคล (600),,,13 หนังสือค้ำประกัน - 2. กองทุนบำเหน็ดตกทอด (sub Type 3),,,,,,,,,,,,,,,,
,,,,,,,,,,,,,,,,,,,,,,,
,,,,,,,,,,,,,,,,,,,,,,,
,,,,,,,,,,,,,,,,,,,,,,,
,,,,,,,,,,,,,,,,,,,,,,,
,13 หนังสือค้ำประกัน - 3. หนังสือค้ำประกัน กระทรวงการคลัง (sub type 4),,,,,,,,,,,,,,,,,,,,,,
,,,,อสย. (203),,,13 หนังสือค้ำประกัน - 3. หนังสือค้ำประกัน กระทรวงการคลัง (sub type 4),,,,,,,,,,,,,,,,
,,,,,,,,,,,,,,,,,,,,,,,
,,,,,,,,,,,,,,,,,,,,,,,
,,,,,,,,,,,,,,,,,,,,,,,
,14.สลาก,,,,,,,,,,,,,,,,,,,,,,
,,,,1. ลูกค้าเกษตรกร (603),,,14.สลาก,,,,,,,,,,,,,,,,
,,,,,,,,,,,,,,,,,,,,,,,
,,,,,,,,,,,,,,,,,,,,,,,
,,,,,,,,,,,,,,,,,,,,,,,
,,,,,,,,,,,,,,,,,,,,,,,
,,,,2. ลูกค้าบุคคล (600),,,14.สลาก,,,,,,,,,,,,,,,,
,,,,,,,,,,,,,,,,,,,,,,,
,,,,,,,,,,,,,,,,,,,,,,,
,,,,,,,,,,,,,,,,,,,,,,,
,,,,,,,,,,,,,,,,,,,,,,,
,,,,3. ผู้ประกอบการ(นิติบุคคล) (500),,,14.สลาก,,,,,,,,,,,,,,,,
,,,,,,,,,,,,,,,,,,,,,,,
,,,,,,,,,,,,,,,,,,,,,,,
,,,,,,,,,,,,,,,,,,,,,,,
,,,,,,,,,,,,,,,,,,,,,,,
,,,,4.ลูกค้าสถาบัน > ประกอบด้วย,,,,,,,,,,,,,,,,,,,
103	กทม/พัทยา,,,,,,,,,,,,,,,,,,,,,,,
201	อคส.,,,,,,,,,,,,,,,,,,,,,,,
202	อตก.,,,,,,,,,,,,,,,,,,,,,,,
203	อสย.,,,,,,,,,,,,,,,,,,,,,,,
300	เทศบาล,,,,,,,,,,,,,,,,,,,,,,,
301	อบต.,,,,,,,,,,,,,,,,,,,,,,,
704	สหกรณ์ร้านค้า,,,,,,,,,,,,,,,,,,,,,,,
705	สหกรณ์บริการ,,,,,,,,,,,,,,,,,,,,,,,
706	สหกรณ์เครดิตยูเนี่ยน,,,,,,,,,,,,,,,,,,,,,,,
707	สหกรณ์การเกษตร,,,,,,,,,,,,,,,,,,,,,,,
708	สกต.,,,,,,,,,,,,,,,,,,,,,,,
709	กลุ่มเกษตรกร,,,,,,,,,,,,,,,,,,,,,,,
710	สหกรณ์ออมทรัพย์/ชุมนุมสหกรณ์ออมทรัพย์,,,,,,,,,,,,,,,,,,,,,,,
701	กลุ่มไม่เป็นทางการ,,,,,,,,,,,,,,,,,,,,,,,
711	กองทุนหมู่บ้าน,,,,,,,,,,,,,,,,,,,,,,,
712	วิสาหกิจชุมชน,,,,,,,,,,,,,,,,,,,,,,,
714	สถาบันการเงินชุมชน,,,,,,,,,,,,,,,,,,,,,,,
411	สถาบันการเงินประชาชน,,,,,,,,,,,,,,,,,,,,,,,
",,,14.สลาก,,,,,,,,,,,,,,,,,,,,,,,,,,,,,,,,,,,,,,,,,,,,,,,,,,,,,,,,,,,,,,,,,,,,,,,,,,,,,,,,,,,,,,,,,,,,,,,,,,,,,,,,,,,,,,,,,,,,,,,,,,,,,,,,,,,,,,,,,,,",,,,,,,,,,,,,,,,,,,,,,,
,,,,,,,,,,,,,,,,,,,,,,,
,,,,,,,,,,,,,,,,,,,,,,,
,17. อสังหาริมทรัพย์อื่นๆ (สปก),,,,,,,,,,,,,,,,,,,,,,
,,,,1. ลูกค้าเกษตรกร (603),,,17. อสังหาริมทรัพย์อื่นๆ (สปก),,,,,,,,,,,,,,,,
,,,,,,,,,,,,,,,,,,,,,,,
,,,,,,,,,,,,,,,,,,,,,,,
,,,,,,,,,,,,,,,,,,,,,,,
,,,,2. ลูกค้าสถาบันเกษตรกร > ประกอบด้วย,,,,,,,,,,,,,,,,,,,
707	สหกรณ์การเกษตร,,,,,,,,,,,,,,,,,,,,,,,
708	สกต.,,,,,,,,,,,,,,,,,,,,,,,
709	กลุ่มเกษตรกร,,,,,,,,,,,,,,,,,,,,,,,
",,,17. อสังหาริมทรัพย์อื่นๆ (สปก),,,,,,,,,,,,,,,,,,,,,,,,,,,,,,,,,,,,,,,,,,,,,,,,,,,,,,,,,,,,,,,,,,,,,,,,,,,,,,,,,,,,,,,,,,,,,,,,,,,,,,,,,,,,,,,,,,,,,,,,,,,,,,,,,,,,,,,,,,,",,,,,,,,,,,,,,,,,,,,,,,
,,,,,,,,,,,,,,,,,,,,,,,
,,,,,,,,,,,,,,,,,,,,,,,
,,,,,,,,,,,,,,,,,,,,,,,
,,,,,,,,,,,,,,,,,,,,,,,
,99.อื่นๆ - สินค้าคงคลัง,,,,,,,,,,,,,,,,,,,,,,
"หลักประกัน อสังหาริมทรัพย์,,,,,,,,,,,,,,,,,,,,,,,,,,,,,,,,,,,,,,,,,,,,,,,,,,,,,,,,,,,,,,,,,,,,,,,,,,,,,,,,,,,,,,,,,,,,,,,,,,,,,,,,,,,,,,,,,,,,,,,,,,,,,,,,,,,,,,,,,,,,,,,,,",,,,,,,,,,,,,,,,,,,,,,,
,,,,1. ลูกค้าเกษตรกร (603),,,99.อื่นๆ - สินค้าคงคลัง,,,,,,,,,,,,,,,,
"หลักประกัน อสังหาริมทรัพย์,,,,,,,,,,,,,,,,,,,,,,,,,,,,,,,,,,,,,,,,,,,,,,,,,,,,,,,,,,,,,,,,,,,,,,,,,,,,,,,,,,,,,,,,,,,,,,,,,,,,,,,,,,,,,,,,,,,,,,,,,,,,,,,,,,,,,,,,,,,",,,,,,,,,,,,,,,,,,,,,,,
,,,,,,,,,,,,,,,,,,,,,,,
,,,,,,,,,,,,,,,,,,,,,,,
,,,,,,,,,,,,,,,,,,,,,,,
,,,,2. ลูกค้าบุคคล (600),,,99.อื่นๆ - สินค้าคงคลัง,,,,,,,,,,,,,,,,
"หลักประกัน อสังหาริมทรัพย์,,,,,,,,,,,,,,,,,,,,,,,,,,,,,,,,,,,,,,,,,,,,,,,,,,,,,,,,,,,,,,,,,,,,,,,,,,,,,,,,,,,,,,,,,,,,,,,,,,,,,,,,,,,,,,,,,,,,,,,,,,,,,,,,,,,,,,,,,,,",,,,,,,,,,,,,,,,,,,,,,,
,,,,,,,,,,,,,,,,,,,,,,,
,,,,,,,,,,,,,,,,,,,,,,,
,,,,,,,,,,,,,,,,,,,,,,,
,,,,,,,,,,,,,,,,,,,,,,,
,,,,,,,99.อื่นๆ - สินค้าคงคลัง,,,,,,,,,,,,,,,,
"หลักประกัน อสังหาริมทรัพย์,,,,,,,,,,,,,,,,,,,,,,,,,,,,,,,,,,,,,,,,,,,,,,,,,,,,,,,,,,,,,,,,,,,,,,,,,,,,,,,,,,,,,,,,,,,,,,,,,,,,,,,,,,,,,,,,,,,,,,,,,,,,,,,,,,,,,,,,,,,",,,,,,,,,,,,,,,,,,,,,,,
,,,,3. ผู้ประกอบการ(นิติบุคคล) (500),,,,,,,,,,,,,,,,,,,
,,,,,,,,,,,,,,,,,,,,,,,
,,,,,,,,,,,,,,,,,,,,,,,
,,,,,,,,,,,,,,,,,,,,,,,
,,,,4. วิสาหกิจชุมชน >,,,,,,,,,,,,,,,,,,,
"712	วิสาหกิจชุมชน,,,99.อื่นๆ - สินค้าคงคลัง",,,,,,,,,,,,,,,,,,,,,,,
"หลักประกัน อสังหาริมทรัพย์,,,,,,,,,,,,,,,,,,,,,,,,,,,,,,,,,,,,,,,,,,,,,,,,,,,,,,,,,,,,,,,,,,,,,,,,,,,,,,,,,,,,,,,,,,,,,,,,,,,,,,,,,,,,,,,,,,,,,,,,,,,,,,,,,,,,,,,,,,,",,,,,,,,,,,,,,,,,,,,,,,
,,,,,,,,,,,,,,,,,,,,,,,
,,,,,,,,,,,,,,,,,,,,,,,
,,,,,,,,,,,,,,,,,,,,,,,
,,,,5. สถาบันการเกษตร >,,,,,,,,,,,,,,,,,,,
707	สหกรณ์การเกษตร,,,,,,,,,,,,,,,,,,,,,,,
708	สกต.,,,,,,,,,,,,,,,,,,,,,,,
709	กลุ่มเกษตรกร,,,,,,,,,,,,,,,,,,,,,,,
",,,99.อื่นๆ - สินค้าคงคลัง",,,,,,,,,,,,,,,,,,,,,,,
"หลักประกัน อสังหาริมทรัพย์,,,,,,,,,,,,,,,,,,,,,,,,,,,,,,,,,,,,,,,,,,,,,,,,,,,,,,,,,,,,,,,,,,,,,,,,,,,,,,,,,,,,,,,,,,,,,,,,,,,,,,,,,,,,,,,,,,,,,,,,,,,,,,,,,,,,,,,,,,,",,,,,,,,,,,,,,,,,,,,,,,
,,,,,,,,,,,,,,,,,,,,,,,
,99.อื่นๆ - สินค้าคงคลัง,,,,,,,,,,,,,,,,,,,,,,
"หลักประกัน ประเภทสินค้า,,,,,,,,,,,,,,,,,,,,,,,,,,,,,,,,,,,,,,,,,,,,,,,,,,,,,,,,,,,,,,,,,,,,,,,,,,,,,,,,,,,,,,,,,,,,,,,,,,,,,,,,,,,,,,,,,,,,,,,,,,,,,,,,,,,,,,,,,,,,,,,,,",,,,,,,,,,,,,,,,,,,,,,,
,1. ลูกค้าเกษตรกร (603),,,,,,,,,,,,,,,,,,,,,,
2. ลูกค้าบุคคล (600),,,,,,,,,,,,,,,,,,,,,,,
3. ผู้ประกอบการ(นิติบุคคล) (500),,,,,,,,,,,,,,,,,,,,,,,
4. สถาบัน,,,,,,,,,,,,,,,,,,,,,,,
103	กทม/พัทยา,,,,,,,,,,,,,,,,,,,,,,,
201	อคส.,,,,,,,,,,,,,,,,,,,,,,,
202	อตก.,,,,,,,,,,,,,,,,,,,,,,,
203	อสย.,,,,,,,,,,,,,,,,,,,,,,,
300	เทศบาล,,,,,,,,,,,,,,,,,,,,,,,
301	อบต.,,,,,,,,,,,,,,,,,,,,,,,
704	สหกรณ์ร้านค้า,,,,,,,,,,,,,,,,,,,,,,,
705	สหกรณ์บริการ,,,,,,,,,,,,,,,,,,,,,,,
706	สหกรณ์เครดิตยูเนี่ยน,,,,,,,,,,,,,,,,,,,,,,,
707	สหกรณ์การเกษตร,,,,,,,,,,,,,,,,,,,,,,,
708	สกต.,,,,,,,,,,,,,,,,,,,,,,,
709	กลุ่มเกษตรกร,,,,,,,,,,,,,,,,,,,,,,,
710	สหกรณ์ออมทรัพย์/ชุมนุมสหกรณ์ออมทรัพย์,,,,,,,,,,,,,,,,,,,,,,,
701	กลุ่มไม่เป็นทางการ,,,,,,,,,,,,,,,,,,,,,,,
711	กองทุนหมู่บ้าน,,,,,,,,,,,,,,,,,,,,,,,
712	วิสาหกิจชุมชน,,,,,,,,,,,,,,,,,,,,,,,
714	สถาบันการเงินชุมชน,,,,,,,,,,,,,,,,,,,,,,,
411	สถาบันการเงินประชาชน,,,,,,,,,,,,,,,,,,,,,,,

",,,,,,,,,,,,,,,,,,,,,,,,,,,,,,,,,,,,,,,,,,,,,,,,,,,,,,,,,,,,,,,,,,,,,,,,,,,,,,,,,,,,,,,,,,,,,,,,,,,,,,,,,,,,,,,,,,,,,,,,,,,,,,,,,,,,,,,,,,,,,,,,,",,,,,,,,,,,,,,,,,,,,,,,
,,,,1. ลูกค้าเกษตรกร (603),,,99.อื่นๆ - สินค้าคงคลัง,,,,,,,,,,,,,,,,
"หลักประกัน ประเภทสินค้า - 1 - ข้าว,,,,,,,,,,,,,,,,,,,,,,,,,,,,,,,,,,,,,,,,,,,,,,,,,,,,,,,,,,,,,,,,,,,,,,,,,,,,,,,,,,,,,,,,,,,,,,,,,,,,,,,,,,,,,,,,,,,,,,,,,,,,,,,,,,,,,,,,,,,",,,,,,,,,,,,,,,,,,,,,,,
,,,,,,,,,,,,,,,,,,,,,,,
,,,,,,,,,,,,,,,,,,,,,,,
,,,,1. ลูกค้าเกษตรกร (603),,,99.อื่นๆ - สินค้าคงคลัง,,,,,,,,,,,,,,,,
"หลักประกัน ประเภทสินค้า - 2 - มันสำปะหลัง,,,,,,,,,,,,,,,,,,,,,,,,,,,,,,,,,,,,,,,,,,,,,,,,,,,,,,,,,,,,,,,,,,,,,,,,,,,,,,,,,,,,,,,,,,,,,,,,,,,,,,,,,,,,,,,,,,,,,,,,,,,,,,,,,,,,,,,,,,,",,,,,,,,,,,,,,,,,,,,,,,
,,,,,,,,,,,,,,,,,,,,,,,
,,,,,,,,,,,,,,,,,,,,,,,
,,,,1. ลูกค้าเกษตรกร (603),,,99.อื่นๆ - สินค้าคงคลัง,,,,,,,,,,,,,,,,
"หลักประกัน ประเภทสินค้า - 3 - ข้าวโพด,,,,,,,,,,,,,,,,,,,,,,,,,,,,,,,,,,,,,,,,,,,,,,,,,,,,,,,,,,,,,,,,,,,,,,,,,,,,,,,,,,,,,,,,,,,,,,,,,,,,,,,,,,,,,,,,,,,,,,,,,,,,,,,,,,,,,,,,,,,",,,,,,,,,,,,,,,,,,,,,,,
,,,,,,,,,,,,,,,,,,,,,,,
,,,,,,,,,,,,,,,,,,,,,,,
,,,,1. ลูกค้าเกษตรกร (603),,,99.อื่นๆ - สินค้าคงคลัง,,,,,,,,,,,,,,,,
"หลักประกัน ประเภทสินค้า - 4 - ปาล์มน้ำมัน,,,,,,,,,,,,,,,,,,,,,,,,,,,,,,,,,,,,,,,,,,,,,,,,,,,,,,,,,,,,,,,,,,,,,,,,,,,,,,,,,,,,,,,,,,,,,,,,,,,,,,,,,,,,,,,,,,,,,,,,,,,,,,,,,,,,,,,,,,,",,,,,,,,,,,,,,,,,,,,,,,
,,,,,,,,,,,,,,,,,,,,,,,
,,,,,,,,,,,,,,,,,,,,,,,
,,,,1. ลูกค้าเกษตรกร (603),,,99.อื่นๆ - สินค้าคงคลัง,,,,,,,,,,,,,,,,
"หลักประกัน ประเภทสินค้า -5 - ยางพารา (น้ำยางข้น),,,,,,,,,,,,,,,,,,,,,,,,,,,,,,,,,,,,,,,,,,,,,,,,,,,,,,,,,,,,,,,,,,,,,,,,,,,,,,,,,,,,,,,,,,,,,,,,,,,,,,,,,,,,,,,,,,,,,,,,,,,,,,,,,,,,,,,,,,,",,,,,,,,,,,,,,,,,,,,,,,
,,,,,,,,,,,,,,,,,,,,,,,
,,,,,,,,,,,,,,,,,,,,,,,
,,,,1. ลูกค้าเกษตรกร (603),,,99.อื่นๆ - สินค้าคงคลัง,,,,,,,,,,,,,,,,
"หลักประกัน ประเภทสินค้า -6 - ยางพารา (ยางแท่ง),,,,,,,,,,,,,,,,,,,,,,,,,,,,,,,,,,,,,,,,,,,,,,,,,,,,,,,,,,,,,,,,,,,,,,,,,,,,,,,,,,,,,,,,,,,,,,,,,,,,,,,,,,,,,,,,,,,,,,,,,,,,,,,,,,,,,,,,,,,",,,,,,,,,,,,,,,,,,,,,,,
,,,,,,,,,,,,,,,,,,,,,,,
,,,,,,,,,,,,,,,,,,,,,,,
,,,,1. ลูกค้าเกษตรกร (603),,,99.อื่นๆ - สินค้าคงคลัง,,,,,,,,,,,,,,,,
"หลักประกัน ประเภทสินค้า -7 - ยางแผ่นรมควัน,,,,,,,,,,,,,,,,,,,,,,,,,,,,,,,,,,,,,,,,,,,,,,,,,,,,,,,,,,,,,,,,,,,,,,,,,,,,,,,,,,,,,,,,,,,,,,,,,,,,,,,,,,,,,,,,,,,,,,,,,,,,,,,,,,,,,,,,,,,",,,,,,,,,,,,,,,,,,,,,,,
,,,,,,,,,,,,,,,,,,,,,,,
,,,,,,,,,,,,,,,,,,,,,,,
,,,,1. ลูกค้าเกษตรกร (603),,,99.อื่นๆ - สินค้าคงคลัง,,,,,,,,,,,,,,,,
"หลักประกัน ประเภทสินค้า -8 - ลำไยอบแห้ง,,,,,,,,,,,,,,,,,,,,,,,,,,,,,,,,,,,,,,,,,,,,,,,,,,,,,,,,,,,,,,,,,,,,,,,,,,,,,,,,,,,,,,,,,,,,,,,,,,,,,,,,,,,,,,,,,,,,,,,,,,,,,,,,,,,,,,,,,,,",,,,,,,,,,,,,,,,,,,,,,,
,,,,,,,,,,,,,,,,,,,,,,,
,,,,,,,,,,,,,,,,,,,,,,,
,,,,1. ลูกค้าเกษตรกร (603),,,99.อื่นๆ - สินค้าคงคลัง,,,,,,,,,,,,,,,,
"หลักประกัน ประเภทสินค้า -9 - ถั่วเหลือง,,,,,,,,,,,,,,,,,,,,,,,,,,,,,,,,,,,,,,,,,,,,,,,,,,,,,,,,,,,,,,,,,,,,,,,,,,,,,,,,,,,,,,,,,,,,,,,,,,,,,,,,,,,,,,,,,,,,,,,,,,,,,,,,,,,,,,,,,,,",,,,,,,,,,,,,,,,,,,,,,,
,,,,,,,,,,,,,,,,,,,,,,,
,,,,,,,,,,,,,,,,,,,,,,,
,,,,1. ลูกค้าเกษตรกร (603),,,99.อื่นๆ - สินค้าคงคลัง,,,,,,,,,,,,,,,,
"หลักประกัน ประเภทสินค้า -99 - สินค้าอื่น ๆ,,,,,,,,,,,,,,,,,,,,,,,,,,,,,,,,,,,,,,,,,,,,,,,,,,,,,,,,,,,,,,,,,,,,,,,,,,,,,,,,,,,,,,,,,,,,,,,,,,,,,,,,,,,,,,,,,,,,,,,,,,,,,,,,,,,,,,,,,,,",,,,,,,,,,,,,,,,,,,,,,,
,,,,,,,,,,,,,,,,,,,,,,,
,,,,,,,,,,,,,,,,,,,,,,,
,,,,3. ผู้ประกอบการ(นิติบุคคล) (500),,,99.อื่นๆ - สินค้าคงคลัง,,,,,,,,,,,,,,,,
"หลักประกัน ประเภทสินค้า - 1 - ข้าว,,,,,,,,,,,,,,,,,,,,,,,,,,,,,,,,,,,,,,,,,,,,,,,,,,,,,,,,,,,,,,,,,,,,,,,,,,,,,,,,,,,,,,,,,,,,,,,,,,,,,,,,,,,,,,,,,,,,,,,,,,,,,,,,,,,,,,,,,,,",,,,,,,,,,,,,,,,,,,,,,,
,,,,,,,,,,,,,,,,,,,,,,,
,,,,,,,,,,,,,,,,,,,,,,,
,,,,3. ผู้ประกอบการ(นิติบุคคล) (500),,,99.อื่นๆ - สินค้าคงคลัง,,,,,,,,,,,,,,,,
"หลักประกัน ประเภทสินค้า - 2 - มันสำปะหลัง,,,,,,,,,,,,,,,,,,,,,,,,,,,,,,,,,,,,,,,,,,,,,,,,,,,,,,,,,,,,,,,,,,,,,,,,,,,,,,,,,,,,,,,,,,,,,,,,,,,,,,,,,,,,,,,,,,,,,,,,,,,,,,,,,,,,,,,,,,,",,,,,,,,,,,,,,,,,,,,,,,
,,,,,,,,,,,,,,,,,,,,,,,
,,,,,,,,,,,,,,,,,,,,,,,
,,,,3. ผู้ประกอบการ(นิติบุคคล) (500),,,99.อื่นๆ - สินค้าคงคลัง,,,,,,,,,,,,,,,,
"หลักประกัน ประเภทสินค้า - 3 - ข้าวโพด,,,,,,,,,,,,,,,,,,,,,,,,,,,,,,,,,,,,,,,,,,,,,,,,,,,,,,,,,,,,,,,,,,,,,,,,,,,,,,,,,,,,,,,,,,,,,,,,,,,,,,,,,,,,,,,,,,,,,,,,,,,,,,,,,,,,,,,,,,,",,,,,,,,,,,,,,,,,,,,,,,
,,,,,,,,,,,,,,,,,,,,,,,
,,,,,,,,,,,,,,,,,,,,,,,
,,,,3. ผู้ประกอบการ(นิติบุคคล) (500),,,99.อื่นๆ - สินค้าคงคลัง,,,,,,,,,,,,,,,,
"หลักประกัน ประเภทสินค้า - 4 - ปาล์มน้ำมัน,,,,,,,,,,,,,,,,,,,,,,,,,,,,,,,,,,,,,,,,,,,,,,,,,,,,,,,,,,,,,,,,,,,,,,,,,,,,,,,,,,,,,,,,,,,,,,,,,,,,,,,,,,,,,,,,,,,,,,,,,,,,,,,,,,,,,,,,,,,",,,,,,,,,,,,,,,,,,,,,,,
,,,,,,,,,,,,,,,,,,,,,,,
,,,,,,,,,,,,,,,,,,,,,,,
,,,,3. ผู้ประกอบการ(นิติบุคคล) (500),,,99.อื่นๆ - สินค้าคงคลัง,,,,,,,,,,,,,,,,
"หลักประกัน ประเภทสินค้า -5 - ยางพารา (น้ำยางข้น),,,,,,,,,,,,,,,,,,,,,,,,,,,,,,,,,,,,,,,,,,,,,,,,,,,,,,,,,,,,,,,,,,,,,,,,,,,,,,,,,,,,,,,,,,,,,,,,,,,,,,,,,,,,,,,,,,,,,,,,,,,,,,,,,,,,,,,,,,,",,,,,,,,,,,,,,,,,,,,,,,
,,,,,,,,,,,,,,,,,,,,,,,
,,,,,,,,,,,,,,,,,,,,,,,
,,,,3. ผู้ประกอบการ(นิติบุคคล) (500),,,99.อื่นๆ - สินค้าคงคลัง,,,,,,,,,,,,,,,,
"หลักประกัน ประเภทสินค้า -6 - ยางพารา (ยางแท่ง),,,,,,,,,,,,,,,,,,,,,,,,,,,,,,,,,,,,,,,,,,,,,,,,,,,,,,,,,,,,,,,,,,,,,,,,,,,,,,,,,,,,,,,,,,,,,,,,,,,,,,,,,,,,,,,,,,,,,,,,,,,,,,,,,,,,,,,,,,,",,,,,,,,,,,,,,,,,,,,,,,
,,,,,,,,,,,,,,,,,,,,,,,
,,,,,,,,,,,,,,,,,,,,,,,
,,,,3. ผู้ประกอบการ(นิติบุคคล) (500),,,99.อื่นๆ - สินค้าคงคลัง,,,,,,,,,,,,,,,,
"หลักประกัน ประเภทสินค้า -7 - ยางแผ่นรมควัน,,,,,,,,,,,,,,,,,,,,,,,,,,,,,,,,,,,,,,,,,,,,,,,,,,,,,,,,,,,,,,,,,,,,,,,,,,,,,,,,,,,,,,,,,,,,,,,,,,,,,,,,,,,,,,,,,,,,,,,,,,,,,,,,,,,,,,,,,,,",,,,,,,,,,,,,,,,,,,,,,,
,,,,,,,,,,,,,,,,,,,,,,,
,,,,,,,,,,,,,,,,,,,,,,,
,,,,3. ผู้ประกอบการ(นิติบุคคล) (500),,,99.อื่นๆ - สินค้าคงคลัง,,,,,,,,,,,,,,,,
"หลักประกัน ประเภทสินค้า -8 - ลำไยอบแห้ง,,,,,,,,,,,,,,,,,,,,,,,,,,,,,,,,,,,,,,,,,,,,,,,,,,,,,,,,,,,,,,,,,,,,,,,,,,,,,,,,,,,,,,,,,,,,,,,,,,,,,,,,,,,,,,,,,,,,,,,,,,,,,,,,,,,,,,,,,,,",,,,,,,,,,,,,,,,,,,,,,,
,,,,,,,,,,,,,,,,,,,,,,,
,,,,,,,,,,,,,,,,,,,,,,,
,,,,3. ผู้ประกอบการ(นิติบุคคล) (500),,,99.อื่นๆ - สินค้าคงคลัง,,,,,,,,,,,,,,,,
"หลักประกัน ประเภทสินค้า -9 - ถั่วเหลือง,,,,,,,,,,,,,,,,,,,,,,,,,,,,,,,,,,,,,,,,,,,,,,,,,,,,,,,,,,,,,,,,,,,,,,,,,,,,,,,,,,,,,,,,,,,,,,,,,,,,,,,,,,,,,,,,,,,,,,,,,,,,,,,,,,,,,,,,,,,",,,,,,,,,,,,,,,,,,,,,,,
,,,,,,,,,,,,,,,,,,,,,,,
,,,,,,,,,,,,,,,,,,,,,,,
,,,,3. ผู้ประกอบการ(นิติบุคคล) (500),,,99.อื่นๆ - สินค้าคงคลัง,,,,,,,,,,,,,,,,
"หลักประกัน ประเภทสินค้า -99 - สินค้าอื่น ๆ,,,,,,,,,,,,,,,,,,,,,,,,,,,,,,,,,,,,,,,,,,,,,,,,,,,,,,,,,,,,,,,,,,,,,,,,,,,,,,,,,,,,,,,,,,,,,,,,,,,,,,,,,,,,,,,,,,,,,,,,,,,,,,,,,,,,,,,,,,,",,,,,,,,,,,,,,,,,,,,,,,
,,,,,,,,,,,,,,,,,,,,,,,
,,,,,,,,,,,,,,,,,,,,,,,
,,,,707	สหกรณ์การเกษตร,,,99.อื่นๆ - สินค้าคงคลัง,,,,,,,,,,,,,,,,
"หลักประกัน ประเภทสินค้า - 1 - ข้าว,,,,,,,,,,,,,,,,,,,,,,,,,,,,,,,,,,,,,,,,,,,,,,,,,,,,,,,,,,,,,,,,,,,,,,,,,,,,,,,,,,,,,,,,,,,,,,,,,,,,,,,,,,,,,,,,,,,,,,,,,,,,,,,,,,,,,,,,,,,",,,,,,,,,,,,,,,,,,,,,,,
,,,,,,,,,,,,,,,,,,,,,,,
,,,,,,,,,,,,,,,,,,,,,,,
,,,,707	สหกรณ์การเกษตร,,,99.อื่นๆ - สินค้าคงคลัง,,,,,,,,,,,,,,,,
"หลักประกัน ประเภทสินค้า - 2 - มันสำปะหลัง,,,,,,,,,,,,,,,,,,,,,,,,,,,,,,,,,,,,,,,,,,,,,,,,,,,,,,,,,,,,,,,,,,,,,,,,,,,,,,,,,,,,,,,,,,,,,,,,,,,,,,,,,,,,,,,,,,,,,,,,,,,,,,,,,,,,,,,,,,,",,,,,,,,,,,,,,,,,,,,,,,
,,,,,,,,,,,,,,,,,,,,,,,
,,,,,,,,,,,,,,,,,,,,,,,
,,,,707	สหกรณ์การเกษตร,,,99.อื่นๆ - สินค้าคงคลัง,,,,,,,,,,,,,,,,
"หลักประกัน ประเภทสินค้า - 3 - ข้าวโพด,,,,,,,,,,,,,,,,,,,,,,,,,,,,,,,,,,,,,,,,,,,,,,,,,,,,,,,,,,,,,,,,,,,,,,,,,,,,,,,,,,,,,,,,,,,,,,,,,,,,,,,,,,,,,,,,,,,,,,,,,,,,,,,,,,,,,,,,,,,",,,,,,,,,,,,,,,,,,,,,,,
,,,,,,,,,,,,,,,,,,,,,,,
,,,,,,,,,,,,,,,,,,,,,,,
,,,,707	สหกรณ์การเกษตร,,,99.อื่นๆ - สินค้าคงคลัง,,,,,,,,,,,,,,,,
"หลักประกัน ประเภทสินค้า - 4 - ปาล์มน้ำมัน,,,,,,,,,,,,,,,,,,,,,,,,,,,,,,,,,,,,,,,,,,,,,,,,,,,,,,,,,,,,,,,,,,,,,,,,,,,,,,,,,,,,,,,,,,,,,,,,,,,,,,,,,,,,,,,,,,,,,,,,,,,,,,,,,,,,,,,,,,,",,,,,,,,,,,,,,,,,,,,,,,
,,,,,,,,,,,,,,,,,,,,,,,
,,,,,,,,,,,,,,,,,,,,,,,
,,,,707	สหกรณ์การเกษตร,,,99.อื่นๆ - สินค้าคงคลัง,,,,,,,,,,,,,,,,
"หลักประกัน ประเภทสินค้า -5 - ยางพารา (น้ำยางข้น),,,,,,,,,,,,,,,,,,,,,,,,,,,,,,,,,,,,,,,,,,,,,,,,,,,,,,,,,,,,,,,,,,,,,,,,,,,,,,,,,,,,,,,,,,,,,,,,,,,,,,,,,,,,,,,,,,,,,,,,,,,,,,,,,,,,,,,,,,,",,,,,,,,,,,,,,,,,,,,,,,
,,,,,,,,,,,,,,,,,,,,,,,
,,,,,,,,,,,,,,,,,,,,,,,
,,,,707	สหกรณ์การเกษตร,,,99.อื่นๆ - สินค้าคงคลัง,,,,,,,,,,,,,,,,
"หลักประกัน ประเภทสินค้า -6 - ยางพารา (ยางแท่ง),,,,,,,,,,,,,,,,,,,,,,,,,,,,,,,,,,,,,,,,,,,,,,,,,,,,,,,,,,,,,,,,,,,,,,,,,,,,,,,,,,,,,,,,,,,,,,,,,,,,,,,,,,,,,,,,,,,,,,,,,,,,,,,,,,,,,,,,,,,",,,,,,,,,,,,,,,,,,,,,,,
,,,,,,,,,,,,,,,,,,,,,,,
,,,,,,,,,,,,,,,,,,,,,,,
,,,,707	สหกรณ์การเกษตร,,,99.อื่นๆ - สินค้าคงคลัง,,,,,,,,,,,,,,,,
"หลักประกัน ประเภทสินค้า -7 - ยางแผ่นรมควัน,,,,,,,,,,,,,,,,,,,,,,,,,,,,,,,,,,,,,,,,,,,,,,,,,,,,,,,,,,,,,,,,,,,,,,,,,,,,,,,,,,,,,,,,,,,,,,,,,,,,,,,,,,,,,,,,,,,,,,,,,,,,,,,,,,,,,,,,,,,",,,,,,,,,,,,,,,,,,,,,,,
,,,,,,,,,,,,,,,,,,,,,,,
,,,,,,,,,,,,,,,,,,,,,,,
,,,,707	สหกรณ์การเกษตร,,,99.อื่นๆ - สินค้าคงคลัง,,,,,,,,,,,,,,,,
"หลักประกัน ประเภทสินค้า -8 - ลำไยอบแห้ง,,,,,,,,,,,,,,,,,,,,,,,,,,,,,,,,,,,,,,,,,,,,,,,,,,,,,,,,,,,,,,,,,,,,,,,,,,,,,,,,,,,,,,,,,,,,,,,,,,,,,,,,,,,,,,,,,,,,,,,,,,,,,,,,,,,,,,,,,,,",,,,,,,,,,,,,,,,,,,,,,,
,,,,,,,,,,,,,,,,,,,,,,,
,,,,,,,,,,,,,,,,,,,,,,,
,,,,707	สหกรณ์การเกษตร,,,99.อื่นๆ - สินค้าคงคลัง,,,,,,,,,,,,,,,,
"หลักประกัน ประเภทสินค้า -9 - ถั่วเหลือง,,,,,,,,,,,,,,,,,,,,,,,,,,,,,,,,,,,,,,,,,,,,,,,,,,,,,,,,,,,,,,,,,,,,,,,,,,,,,,,,,,,,,,,,,,,,,,,,,,,,,,,,,,,,,,,,,,,,,,,,,,,,,,,,,,,,,,,,,,,",,,,,,,,,,,,,,,,,,,,,,,
,,,,,,,,,,,,,,,,,,,,,,,
,,,,,,,,,,,,,,,,,,,,,,,
,,,,707	สหกรณ์การเกษตร,,,99.อื่นๆ - สินค้าคงคลัง,,,,,,,,,,,,,,,,
"หลักประกัน ประเภทสินค้า -99 - สินค้าอื่น ๆ,,,,,,,,,,,,,,,,,,,,,,,,,,,,,,,,,,,,,,,,,,,,,,,,,,,,,,,,,,,,,,,,,,,,,,,,,,,,,,,,,,,,,,,,,,,,,,,,,,,,,,,,,,,,,,,,,,,,,,,,,,,,,,,,,,,,,,,,,,,",,,,,,,,,,,,,,,,,,,,,,,
,,,,,,,,,,,,,,,,,,,,,,,
,,,,,,,,,,,,,,,,,,,,,,,
,,,,,,,,,,,,,,,,,,,,,,,
,99.อื่นๆ - เรือประมง,,,,,,,,,,,,,,,,,,,,,,
,,,,1. ลูกค้าเกษตรกร (603),,,99.อื่นๆ - เรือประมง,,,,,,,,,,,,,,,,
,,,,,,,,,,,,,,,,,,,,,,,
,,,,,,,,,,,,,,,,,,,,,,,
,,,,,,,,,,,,,,,,,,,,,,,
,,,,,,,,,,,,,,,,,,,,,,,
,,,,,,,,,,,,,,,,,,,,,,,
,2. ประเภทลูกค้า สินเชื่อรายใหญ่,,,,,,,,,,,,,,,,,,,,,,
> นิติบุคคล (500),,,,,,,,,,,,,,,,,,,,,,,
> สหกรณ์ฯ (704,705,706,710),,,,,,,,,,,,,,,,,,,,
> กลุ่มเกษตรกร (707,708,709),,,,,,,,,,,,,,,,,,,,,
> กลุ่มบุคคล (701),,,,,,,,,,,,,,,,,,,,,,,
> กองทุนหมู่บ้านและองค์กร (711),,,,,,,,,,,,,,,,,,,,,,,
(101,102,103,201,202,203,300,301),,,,,,,,,,,,,,,,
"> กลุ่มวิสาหกิจ (712) ,,,,,,,,,,,,,,,,,,,,,,,,,,,,,,,,,,,,,,,,,,,,,,,,,,,,,,,,,,,,,,,,,,,,,,,,,,,,,,,,,,,,,,,,,,,,,,,,,,,,,,,,,,,,,,,,,,,,,,,,,,,,,,,,,,,,,,,,,,,,,,,,,",,,,,,,,,,,,,,,,,,,,,,,
,,,,นิติบุคคล (500),,,99.อื่นๆ - เรือประมง,,,,,,,,,,,,,,,,
,,,,,,,,,,,,,,,,,,,,,,,
,,,,,,,,,,,,,,,,,,,,,,,
,,,,704-สหกรณ์ร้านค้า,,,99.อื่นๆ - เรือประมง,,,,,,,,,,,,,,,,
,,,,,,,,,,,,,,,,,,,,,,,
,,,,,,,,,,,,,,,,,,,,,,,
,,,,707-สหกรณ์การเกษตร,,,99.อื่นๆ - เรือประมง,,,,,,,,,,,,,,,,
,,,,,,,,,,,,,,,,,,,,,,,
,,,,,,,,,,,,,,,,,,,,,,,
,,,,701-กลุ่มไม่เป็นทางการ,,,99.อื่นๆ - เรือประมง,,,,,,,,,,,,,,,,
,,,,,,,,,,,,,,,,,,,,,,,
,,,,,,,,,,,,,,,,,,,,,,,
,,,,711-กองทุนหมู่บ้าน,,,99.อื่นๆ - เรือประมง,,,,,,,,,,,,,,,,
,,,,,,,,,,,,,,,,,,,,,,,
,,,,,,,,,,,,,,,,,,,,,,,
,,,,712-วิสาหกิจชุมชน,,,99.อื่นๆ - เรือประมง,,,,,,,,,,,,,,,,
,,,,,,,,,,,,,,,,,,,,,,,
,,,,,,,,,,,,,,,,,,,,,,,
,,,,,,,,,,,,,,,,,,,,,,,
,,,,,,,,,,,,,,,,,,,,,,,
,บุคคลค้ำประกัน >> 2 คนค้ำ,,,1. ลูกค้าเกษตรกร (603),,,,,,,,,,,,,,,,,,,
",,,,,,,,,,,,,,,,,,,,,,,,,,,,,,,,,,,,,,,,,,,,,,,,,,,,,,,,,,,,,,,,,,,,,,,,,,,,,,,,,,,,,,,,,,,,,,,,,,,,,,,,,,,,,,,,,,,,,,,,,,,,,,,,,,,,,,,,,,,,,,",,,,,,,,,,,,,,,,,,,,,,,
,,,,,,,,,,,,,,,,,,,,,,,
,,,,,,,,,,,,,,,,,,,,,,,
,,,,2. ลูกค้าบุคคล (600),,,,,,,,,,,,,,,,,,,
